time,main,oven,refg,kitchen,lite
1,256,0,0,0,1
2,255,0,0,0,1
3,262,0,0,0,1
4,258,0,0,0,1
5,261,0,0,0,1
6,258,0,0,0,1
7,260,0,0,0,1
8,258,0,0,0,1
9,258,0,0,0,1
10,264,0,0,0,1
11,256,0,0,0,1
12,258,0,0,0,1
13,260,0,0,0,1
14,256,0,0,0,1
15,262,0,0,0,1
16,261,0,0,0,1
17,259,0,0,0,1
18,257,0,0,0,1
19,255,0,0,0,1
20,254,0,0,0,1
21,254,0,0,0,1
22,253,0,0,0,1
23,257,0,0,0,1
24,252,0,0,0,1
25,250,0,0,0,1
26,254,0,0,0,1
27,251,0,0,0,1
28,252,0,0,0,1
29,256,0,0,0,1
30,254,0,0,0,1
31,256,0,0,0,1
32,257,0,0,0,1
33,255,0,0,0,1
34,254,0,0,0,1
35,255,0,0,0,1
36,254,0,0,0,1
37,256,0,0,0,1
38,256,0,0,0,1
39,256,0,0,0,1
40,254,0,0,0,1
41,254,0,0,0,1
42,254,0,0,0,1
43,256,0,0,0,1
44,253,0,0,0,1
45,254,0,0,0,1
46,252,0,0,0,1
47,253,0,0,0,1
48,252,0,0,0,1
49,251,0,0,0,1
50,251,0,0,0,1
51,254,0,0,0,1
52,252,0,0,0,1
53,253,0,0,0,1
54,253,0,0,0,1
55,252,0,0,0,1
56,1881,0,0,0,1
57,1878,0,0,0,1
58,1880,0,0,0,1
59,1872,0,0,0,1
60,1869,0,0,0,1
61,1870,0,0,0,1
62,1874,0,0,0,1
63,1870,0,0,0,1
64,1870,0,0,0,1
65,1867,0,0,0,1
66,247,0,0,0,1
67,246,0,0,0,1
68,248,0,0,0,1
69,248,0,0,0,1
70,247,0,0,0,1
71,246,0,0,0,1
72,248,0,0,0,1
73,183,0,0,0,1
74,182,0,0,0,1
75,183,0,0,0,1
76,182,0,0,0,1
77,183,0,0,0,1
78,183,0,0,0,1
79,181,0,0,0,1
80,182,0,0,0,1
81,181,0,0,0,1
82,185,0,0,0,1
83,181,0,0,0,1
84,178,0,0,0,1
85,179,0,0,0,1
86,179,0,0,0,1
87,179,0,0,0,1
88,178,0,0,0,1
89,178,0,0,0,1
90,182,0,0,0,1
91,179,0,0,0,1
92,179,0,0,0,1
93,178,0,0,0,1
94,180,0,0,0,1
95,178,0,0,0,1
96,177,0,0,0,1
97,180,0,0,0,1
98,179,0,0,0,1
99,178,0,0,0,1
100,178,0,0,0,1
101,179,0,0,0,1
102,181,0,0,0,1
103,180,0,0,0,1
104,178,0,0,0,1
105,183,0,0,0,1
106,178,0,0,0,1
107,177,0,0,0,1
108,178,0,0,0,1
109,177,0,0,0,1
110,177,0,0,0,1
111,179,0,0,0,1
112,176,0,0,0,1
113,177,0,0,0,1
114,180,0,0,0,1
115,177,0,0,0,1
116,179,0,0,0,1
117,179,0,0,0,1
118,178,0,0,0,1
119,178,0,0,0,1
120,178,0,0,0,1
121,179,0,0,0,1
122,180,0,0,0,1
123,178,0,0,0,1
124,176,0,0,0,1
125,176,0,0,0,1
126,176,0,0,0,1
127,179,0,0,0,1
128,178,0,0,0,1
129,180,0,0,0,1
130,180,0,0,0,1
131,176,0,0,0,1
132,178,0,0,0,1
133,177,0,0,0,1
134,176,0,0,0,1
135,177,0,0,0,1
136,176,0,0,0,1
137,175,0,0,0,1
138,175,0,0,0,1
139,176,0,0,0,1
140,179,0,0,0,1
141,177,0,0,0,1
142,176,0,0,0,1
143,177,0,0,0,1
144,176,0,0,0,1
145,175,0,0,0,1
146,177,0,0,0,1
147,176,0,0,0,1
148,175,0,0,0,1
149,175,0,0,0,1
150,177,0,0,0,1
151,176,0,0,0,1
152,180,0,0,0,1
153,176,0,0,0,1
154,178,0,0,0,1
155,177,0,0,0,1
156,176,0,0,0,1
157,179,0,0,0,1
158,175,0,0,0,1
159,177,0,0,0,1
160,175,0,0,0,1
161,177,0,0,0,1
162,175,0,0,0,1
163,176,0,0,0,1
164,177,0,0,0,1
165,180,0,0,0,1
166,176,0,0,0,1
167,181,0,0,0,1
168,176,0,0,0,1
169,177,0,0,0,1
170,175,0,0,0,1
171,175,0,0,0,1
172,177,0,0,0,1
173,177,0,0,0,1
174,179,0,0,0,1
175,178,0,0,0,1
176,409,0,1,0,1
177,390,0,1,0,1
178,378,0,1,0,1
179,380,0,1,0,1
180,374,0,1,0,1
181,379,0,1,0,1
182,374,0,1,0,1
183,372,0,1,0,1
184,371,0,1,0,1
185,368,0,1,0,1
186,370,0,1,0,1
187,372,0,1,0,1
188,368,0,1,0,1
189,373,0,1,0,1
190,369,0,1,0,1
191,369,0,1,0,1
192,367,0,1,0,1
193,368,0,1,0,1
194,366,0,1,0,1
195,366,0,1,0,1
196,364,0,1,0,1
197,368,0,1,0,1
198,365,0,1,0,1
199,367,0,1,0,1
200,370,0,1,0,1
201,364,0,1,0,1
202,361,0,1,0,1
203,327,0,1,0,1
204,327,0,1,0,1
205,329,0,1,0,1
206,341,0,1,0,1
207,338,0,1,0,1
208,340,0,1,0,1
209,324,0,1,0,1
210,329,0,1,0,1
211,563,0,1,0,1
212,563,0,1,0,1
213,562,0,1,0,1
214,559,0,1,0,1
215,556,0,1,0,1
216,555,0,1,0,1
217,556,0,1,0,1
218,555,0,1,0,1
219,552,0,1,0,1
220,554,0,1,0,1
221,553,0,1,0,1
222,552,0,1,0,1
223,550,0,1,0,1
224,591,0,1,0,1
225,549,0,1,0,1
226,550,0,1,0,1
227,552,0,1,0,1
228,552,0,1,0,1
229,555,0,1,0,1
230,553,0,1,0,1
231,554,0,1,0,1
232,552,0,1,0,1
233,554,0,1,0,1
234,551,0,1,0,1
235,552,0,1,0,1
236,552,0,1,0,1
237,552,0,1,0,1
238,552,0,1,0,1
239,550,0,1,0,1
240,552,0,1,0,1
241,554,0,1,0,1
242,554,0,1,0,1
243,552,0,1,0,1
244,552,0,1,0,1
245,554,0,1,0,1
246,551,0,1,0,1
247,552,0,1,0,1
248,552,0,1,0,1
249,552,0,1,0,1
250,552,0,1,0,1
251,553,0,1,0,1
252,553,0,1,0,1
253,557,0,1,0,1
254,551,0,1,0,1
255,555,0,1,0,1
256,132,0,0,0,1
257,134,0,0,0,1
258,133,0,0,0,1
259,133,0,0,0,1
260,132,0,0,0,1
261,133,0,0,0,1
262,134,0,0,0,1
263,132,0,0,0,1
264,133,0,0,0,1
265,134,0,0,0,1
266,142,0,0,0,1
267,136,0,0,0,1
268,137,0,0,0,1
269,133,0,0,0,1
270,133,0,0,0,1
271,134,0,0,0,1
272,131,0,0,0,1
273,131,0,0,0,1
274,132,0,0,0,1
275,131,0,0,0,1
276,132,0,0,0,1
277,131,0,0,0,1
278,134,0,0,0,1
279,136,0,0,0,1
280,132,0,0,0,1
281,134,0,0,0,1
282,134,0,0,0,1
283,134,0,0,0,1
284,130,0,0,0,1
285,132,0,0,0,1
286,132,0,0,0,1
287,133,0,0,0,1
288,132,0,0,0,1
289,131,0,0,0,1
290,132,0,0,0,1
291,135,0,0,0,1
292,131,0,0,0,1
293,134,0,0,0,1
294,133,0,0,0,1
295,130,0,0,0,1
296,132,0,0,0,1
297,133,0,0,0,1
298,134,0,0,0,1
299,131,0,0,0,1
300,133,0,0,0,1
301,132,0,0,0,1
302,132,0,0,0,1
303,133,0,0,0,1
304,134,0,0,0,1
305,137,0,0,0,1
306,130,0,0,0,1
307,132,0,0,0,1
308,130,0,0,0,1
309,131,0,0,0,1
310,134,0,0,0,1
311,135,0,0,0,1
312,384,0,1,0,1
313,346,0,1,0,1
314,351,0,1,0,1
315,350,0,1,0,1
316,353,0,1,0,1
317,344,0,1,0,1
318,343,0,1,0,1
319,338,0,1,0,1
320,343,0,1,0,1
321,340,0,1,0,1
322,336,0,1,0,1
323,341,0,1,0,1
324,339,0,1,0,1
325,336,0,1,0,1
326,330,0,1,0,1
327,332,0,1,0,1
328,335,0,1,0,1
329,333,0,1,0,1
330,331,0,1,0,1
331,339,0,1,0,1
332,329,0,1,0,1
333,331,0,1,0,1
334,329,0,1,0,1
335,330,0,1,0,1
336,327,0,1,0,1
337,332,0,1,0,1
338,336,0,1,0,1
339,329,0,1,0,1
340,328,0,1,0,1
341,328,0,1,0,1
342,328,0,1,0,1
343,333,0,1,0,1
344,329,0,1,0,1
345,330,0,1,0,1
346,322,0,1,0,1
347,327,0,1,0,1
348,327,0,1,0,1
349,327,0,1,0,1
350,326,0,1,0,1
351,329,0,1,0,1
352,326,0,1,0,1
353,329,0,1,0,1
354,329,0,1,0,1
355,328,0,1,0,1
356,323,0,1,0,1
357,326,0,1,0,1
358,326,0,1,0,1
359,326,0,1,0,1
360,324,0,1,0,1
361,323,0,1,0,1
362,325,0,1,0,1
363,323,0,1,0,1
364,323,0,1,0,1
365,323,0,1,0,1
366,326,0,1,0,1
367,327,0,1,0,1
368,319,0,1,0,1
369,320,0,1,0,1
370,322,0,1,0,1
371,323,0,1,0,1
372,321,0,1,0,1
373,318,0,1,0,1
374,320,0,1,0,1
375,321,0,1,0,1
376,321,0,1,0,1
377,324,0,1,0,1
378,319,0,1,0,1
379,322,0,1,0,1
380,324,0,1,0,1
381,325,0,1,0,1
382,319,0,1,0,1
383,318,0,1,0,1
384,321,0,1,0,1
385,317,0,1,0,1
386,317,0,1,0,1
387,317,0,1,0,1
388,321,0,1,0,1
389,320,0,1,0,1
390,320,0,1,0,1
391,318,0,1,0,1
392,320,0,1,0,1
393,321,0,1,0,1
394,319,0,1,0,1
395,327,0,1,0,1
396,320,0,1,0,1
397,320,0,1,0,1
398,317,0,1,0,1
399,318,0,1,0,1
400,315,0,1,0,1
401,357,0,1,0,1
402,317,0,1,0,1
403,319,0,1,0,1
404,329,0,1,0,1
405,335,0,1,0,1
406,320,0,1,0,1
407,313,0,1,0,1
408,315,0,1,0,1
409,316,0,1,0,1
410,317,0,1,0,1
411,312,0,1,0,1
412,316,0,1,0,1
413,311,0,1,0,1
414,314,0,1,0,1
415,310,0,1,0,1
416,313,0,1,0,1
417,315,0,1,0,1
418,316,0,1,0,1
419,312,0,1,0,1
420,317,0,1,0,1
421,311,0,1,0,1
422,314,0,1,0,1
423,308,0,1,0,1
424,314,0,1,0,1
425,309,0,1,0,1
426,314,0,1,0,1
427,130,0,0,0,1
428,133,0,0,0,1
429,133,0,0,0,1
430,131,0,0,0,1
431,135,0,0,0,1
432,134,0,0,0,1
433,131,0,0,0,1
434,133,0,0,0,1
435,134,0,0,0,1
436,131,0,0,0,1
437,131,0,0,0,1
438,131,0,0,0,1
439,132,0,0,0,1
440,131,0,0,0,1
441,133,0,0,0,1
442,132,0,0,0,1
443,130,0,0,0,1
444,130,0,0,0,1
445,135,0,0,0,1
446,132,0,0,0,1
447,133,0,0,0,1
448,133,0,0,0,1
449,131,0,0,0,1
450,172,0,0,0,1
451,134,0,0,0,1
452,134,0,0,0,1
453,132,0,0,0,1
454,133,0,0,0,1
455,174,0,0,0,1
456,148,0,0,0,1
457,148,0,0,0,1
458,146,0,0,0,1
459,133,0,0,0,1
460,131,0,0,0,1
461,130,0,0,0,1
462,133,0,0,0,1
463,132,0,0,0,1
464,134,0,0,0,1
465,135,0,0,0,1
466,132,0,0,0,1
467,134,0,0,0,1
468,131,0,0,0,1
469,135,0,0,0,1
470,131,0,0,0,1
471,134,0,0,0,1
472,146,0,0,0,1
473,149,0,0,0,1
474,145,0,0,0,1
475,143,0,0,0,1
476,144,0,0,0,1
477,132,0,0,0,1
478,132,0,0,0,1
479,132,0,0,0,1
480,130,0,0,0,1
481,134,0,0,0,1
482,134,0,0,0,1
483,133,0,0,0,1
484,132,0,0,0,1
485,131,0,0,0,1
486,132,0,0,0,1
487,132,0,0,0,1
488,132,0,0,0,1
489,132,0,0,0,1
490,131,0,0,0,1
491,131,0,0,0,1
492,131,0,0,0,1
493,133,0,0,0,1
494,134,0,0,0,1
495,136,0,0,0,1
496,137,0,0,0,1
497,132,0,0,0,1
498,131,0,0,0,1
499,132,0,0,0,1
500,131,0,0,0,1
501,132,0,0,0,1
502,132,0,0,0,1
503,131,0,0,0,1
504,133,0,0,0,1
505,131,0,0,0,1
506,132,0,0,0,1
507,133,0,0,0,1
508,131,0,0,0,1
509,130,0,0,0,1
510,132,0,0,0,1
511,132,0,0,0,1
512,130,0,0,0,1
513,133,0,0,0,1
514,132,0,0,0,1
515,132,0,0,0,1
516,131,0,0,0,1
517,132,0,0,0,1
518,133,0,0,0,1
519,131,0,0,0,1
520,135,0,0,0,1
521,132,0,0,0,1
522,131,0,0,0,1
523,132,0,0,0,1
524,131,0,0,0,1
525,132,0,0,0,1
526,134,0,0,0,1
527,131,0,0,0,1
528,130,0,0,0,1
529,132,0,0,0,1
530,132,0,0,0,1
531,131,0,0,0,1
532,132,0,0,0,1
533,131,0,0,0,1
534,132,0,0,0,1
535,129,0,0,0,1
536,135,0,0,0,1
537,131,0,0,0,1
538,132,0,0,0,1
539,130,0,0,0,1
540,133,0,0,0,1
541,133,0,0,0,1
542,131,0,0,0,1
543,132,0,0,0,1
544,134,0,0,0,1
545,132,0,0,0,1
546,137,0,0,0,1
547,134,0,0,0,1
548,132,0,0,0,1
549,131,0,0,0,1
550,136,0,0,0,1
551,131,0,0,0,1
552,131,0,0,0,1
553,131,0,0,0,1
554,132,0,0,0,1
555,131,0,0,0,1
556,131,0,0,0,1
557,137,0,0,0,1
558,136,0,0,0,1
559,136,0,0,0,1
560,131,0,0,0,1
561,133,0,0,0,1
562,131,0,0,0,1
563,134,0,0,0,1
564,132,0,0,0,1
565,133,0,0,0,1
566,131,0,0,0,1
567,131,0,0,0,1
568,130,0,0,0,1
569,135,0,0,0,1
570,133,0,0,0,1
571,131,0,0,0,1
572,131,0,0,0,1
573,131,0,0,0,1
574,131,0,0,0,1
575,134,0,0,0,1
576,131,0,0,0,1
577,134,0,0,0,1
578,134,0,0,0,1
579,134,0,0,0,1
580,135,0,0,0,1
581,136,0,0,0,1
582,139,0,0,0,1
583,138,0,0,0,1
584,134,0,0,0,1
585,367,0,1,0,1
586,341,0,1,0,1
587,334,0,1,0,1
588,331,0,1,0,1
589,329,0,1,0,1
590,328,0,1,0,1
591,329,0,1,0,1
592,329,0,1,0,1
593,327,0,1,0,1
594,330,0,1,0,1
595,324,0,1,0,1
596,325,0,1,0,1
597,329,0,1,0,1
598,324,0,1,0,1
599,324,0,1,0,1
600,324,0,1,0,1
601,324,0,1,0,1
602,323,0,1,0,1
603,319,0,1,0,1
604,327,0,1,0,1
605,317,0,1,0,1
606,320,0,1,0,1
607,321,0,1,0,1
608,245,0,1,0,0
609,242,0,1,0,0
610,240,0,1,0,0
611,242,0,1,0,0
612,236,0,1,0,0
613,239,0,1,0,0
614,240,0,1,0,0
615,235,0,1,0,0
616,240,0,1,0,0
617,236,0,1,0,0
618,238,0,1,0,0
619,238,0,1,0,0
620,238,0,1,0,0
621,241,0,1,0,0
622,236,0,1,0,0
623,234,0,1,0,0
624,237,0,1,0,0
625,235,0,1,0,0
626,236,0,1,0,0
627,236,0,1,0,0
628,236,0,1,0,0
629,233,0,1,0,0
630,236,0,1,0,0
631,234,0,1,0,0
632,235,0,1,0,0
633,232,0,1,0,0
634,235,0,1,0,0
635,234,0,1,0,0
636,52,0,0,0,0
637,51,0,0,0,0
638,53,0,0,0,0
639,51,0,0,0,0
640,52,0,0,0,0
641,52,0,0,0,0
642,51,0,0,0,0
643,56,0,0,0,0
644,54,0,0,0,0
645,51,0,0,0,0
646,53,0,0,0,0
647,55,0,0,0,0
648,52,0,0,0,0
649,51,0,0,0,0
650,52,0,0,0,0
651,52,0,0,0,0
652,52,0,0,0,0
653,53,0,0,0,0
654,51,0,0,0,0
655,54,0,0,0,0
656,52,0,0,0,0
657,53,0,0,0,0
658,57,0,0,0,0
659,52,0,0,0,0
660,56,0,0,0,0
661,51,0,0,0,0
662,51,0,0,0,0
663,54,0,0,0,0
664,55,0,0,0,0
665,52,0,0,0,0
666,56,0,0,0,0
667,51,0,0,0,0
668,55,0,0,0,0
669,52,0,0,0,0
670,56,0,0,0,0
671,51,0,0,0,0
672,53,0,0,0,0
673,53,0,0,0,0
674,54,0,0,0,0
675,52,0,0,0,0
676,54,0,0,0,0
677,52,0,0,0,0
678,52,0,0,0,0
679,56,0,0,0,0
680,52,0,0,0,0
681,51,0,0,0,0
682,50,0,0,0,0
683,52,0,0,0,0
684,51,0,0,0,0
685,52,0,0,0,0
686,53,0,0,0,0
687,52,0,0,0,0
688,51,0,0,0,0
689,53,0,0,0,0
690,51,0,0,0,0
691,51,0,0,0,0
692,54,0,0,0,0
693,52,0,0,0,0
694,54,0,0,0,0
695,52,0,0,0,0
696,52,0,0,0,0
697,53,0,0,0,0
698,52,0,0,0,0
699,52,0,0,0,0
700,53,0,0,0,0
701,54,0,0,0,0
702,56,0,0,0,0
703,55,0,0,0,0
704,53,0,0,0,0
705,55,0,0,0,0
706,55,0,0,0,0
707,52,0,0,0,0
708,52,0,0,0,0
709,52,0,0,0,0
710,51,0,0,0,0
711,52,0,0,0,0
712,52,0,0,0,0
713,51,0,0,0,0
714,52,0,0,0,0
715,55,0,0,0,0
716,55,0,0,0,0
717,55,0,0,0,0
718,54,0,0,0,0
719,52,0,0,0,0
720,51,0,0,0,0
721,51,0,0,0,0
722,52,0,0,0,0
723,51,0,0,0,0
724,51,0,0,0,0
725,51,0,0,0,0
726,56,0,0,0,0
727,53,0,0,0,0
728,52,0,0,0,0
729,54,0,0,0,0
730,54,0,0,0,0
731,52,0,0,0,0
732,51,0,0,0,0
733,53,0,0,0,0
734,52,0,0,0,0
735,52,0,0,0,0
736,54,0,0,0,0
737,52,0,0,0,0
738,51,0,0,0,0
739,52,0,0,0,0
740,56,0,0,0,0
741,54,0,0,0,0
742,52,0,0,0,0
743,51,0,0,0,0
744,51,0,0,0,0
745,51,0,0,0,0
746,51,0,0,0,0
747,50,0,0,0,0
748,53,0,0,0,0
749,51,0,0,0,0
750,51,0,0,0,0
751,54,0,0,0,0
752,55,0,0,0,0
753,52,0,0,0,0
754,52,0,0,0,0
755,53,0,0,0,0
756,53,0,0,0,0
757,50,0,0,0,0
758,54,0,0,0,0
759,52,0,0,0,0
760,53,0,0,0,0
761,52,0,0,0,0
762,283,0,1,0,0
763,270,0,1,0,0
764,249,0,1,0,0
765,255,0,1,0,0
766,244,0,1,0,0
767,251,0,1,0,0
768,250,0,1,0,0
769,245,0,1,0,0
770,246,0,1,0,0
771,244,0,1,0,0
772,243,0,1,0,0
773,245,0,1,0,0
774,250,0,1,0,0
775,247,0,1,0,0
776,245,0,1,0,0
777,243,0,1,0,0
778,237,0,1,0,0
779,239,0,1,0,0
780,239,0,1,0,0
781,243,0,1,0,0
782,238,0,1,0,0
783,238,0,1,0,0
784,237,0,1,0,0
785,242,0,1,0,0
786,237,0,1,0,0
787,240,0,1,0,0
788,240,0,1,0,0
789,236,0,1,0,0
790,234,0,1,0,0
791,244,0,1,0,0
792,235,0,1,0,0
793,234,0,1,0,0
794,236,0,1,0,0
795,236,0,1,0,0
796,233,0,1,0,0
797,235,0,1,0,0
798,234,0,1,0,0
799,236,0,1,0,0
800,235,0,1,0,0
801,238,0,1,0,0
802,230,0,1,0,0
803,233,0,1,0,0
804,234,0,1,0,0
805,51,0,0,0,0
806,51,0,0,0,0
807,56,0,0,0,0
808,53,0,0,0,0
809,51,0,0,0,0
810,54,0,0,0,0
811,54,0,0,0,0
812,52,0,0,0,0
813,56,0,0,0,0
814,56,0,0,0,0
815,54,0,0,0,0
816,53,0,0,0,0
817,54,0,0,0,0
818,55,0,0,0,0
819,52,0,0,0,0
820,52,0,0,0,0
821,52,0,0,0,0
822,53,0,0,0,0
823,51,0,0,0,0
824,53,0,0,0,0
825,50,0,0,0,0
826,51,0,0,0,0
827,52,0,0,0,0
828,54,0,0,0,0
829,52,0,0,0,0
830,52,0,0,0,0
831,52,0,0,0,0
832,52,0,0,0,0
833,52,0,0,0,0
834,53,0,0,0,0
835,53,0,0,0,0
836,53,0,0,0,0
837,55,0,0,0,0
838,57,0,0,0,0
839,55,0,0,0,0
840,51,0,0,0,0
841,51,0,0,0,0
842,52,0,0,0,0
843,51,0,0,0,0
844,53,0,0,0,0
845,54,0,0,0,0
846,52,0,0,0,0
847,53,0,0,0,0
848,54,0,0,0,0
849,53,0,0,0,0
850,55,0,0,0,0
851,53,0,0,0,0
852,53,0,0,0,0
853,53,0,0,0,0
854,53,0,0,0,0
855,52,0,0,0,0
856,51,0,0,0,0
857,52,0,0,0,0
858,50,0,0,0,0
859,55,0,0,0,0
860,55,0,0,0,0
861,52,0,0,0,0
862,53,0,0,0,0
863,57,0,0,0,0
864,56,0,0,0,0
865,53,0,0,0,0
866,55,0,0,0,0
867,56,0,0,0,0
868,54,0,0,0,0
869,54,0,0,0,0
870,58,0,0,0,0
871,54,0,0,0,0
872,53,0,0,0,0
873,55,0,0,0,0
874,56,0,0,0,0
875,54,0,0,0,0
876,54,0,0,0,0
877,57,0,0,0,0
878,55,0,0,0,0
879,53,0,0,0,0
880,54,0,0,0,0
881,53,0,0,0,0
882,52,0,0,0,0
883,55,0,0,0,0
884,54,0,0,0,0
885,54,0,0,0,0
886,56,0,0,0,0
887,54,0,0,0,0
888,53,0,0,0,0
889,55,0,0,0,0
890,55,0,0,0,0
891,54,0,0,0,0
892,54,0,0,0,0
893,54,0,0,0,0
894,53,0,0,0,0
895,52,0,0,0,0
896,54,0,0,0,0
897,54,0,0,0,0
898,56,0,0,0,0
899,54,0,0,0,0
900,55,0,0,0,0
901,55,0,0,0,0
902,56,0,0,0,0
903,56,0,0,0,0
904,54,0,0,0,0
905,55,0,0,0,0
906,54,0,0,0,0
907,52,0,0,0,0
908,52,0,0,0,0
909,52,0,0,0,0
910,51,0,0,0,0
911,51,0,0,0,0
912,53,0,0,0,0
913,52,0,0,0,0
914,51,0,0,0,0
915,52,0,0,0,0
916,52,0,0,0,0
917,52,0,0,0,0
918,52,0,0,0,0
919,53,0,0,0,0
920,51,0,0,0,0
921,53,0,0,0,0
922,53,0,0,0,0
923,55,0,0,0,0
924,54,0,0,0,0
925,54,0,0,0,0
926,54,0,0,0,0
927,50,0,0,0,0
928,51,0,0,0,0
929,52,0,0,0,0
930,280,0,1,0,0
931,263,0,1,0,0
932,251,0,1,0,0
933,249,0,1,0,0
934,253,0,1,0,0
935,250,0,1,0,0
936,249,0,1,0,0
937,248,0,1,0,0
938,247,0,1,0,0
939,250,0,1,0,0
940,246,0,1,0,0
941,249,0,1,0,0
942,246,0,1,0,0
943,246,0,1,0,0
944,243,0,1,0,0
945,244,0,1,0,0
946,242,0,1,0,0
947,241,0,1,0,0
948,245,0,1,0,0
949,237,0,1,0,0
950,245,0,1,0,0
951,237,0,1,0,0
952,240,0,1,0,0
953,239,0,1,0,0
954,235,0,1,0,0
955,239,0,1,0,0
956,239,0,1,0,0
957,237,0,1,0,0
958,236,0,1,0,0
959,236,0,1,0,0
960,239,0,1,0,0
961,236,0,1,0,0
962,234,0,1,0,0
963,234,0,1,0,0
964,235,0,1,0,0
965,234,0,1,0,0
966,231,0,1,0,0
967,233,0,1,0,0
968,233,0,1,0,0
969,235,0,1,0,0
970,232,0,1,0,0
971,236,0,1,0,0
972,236,0,1,0,0
973,58,0,0,0,0
974,59,0,0,0,0
975,56,0,0,0,0
976,56,0,0,0,0
977,54,0,0,0,0
978,53,0,0,0,0
979,54,0,0,0,0
980,53,0,0,0,0
981,55,0,0,0,0
982,55,0,0,0,0
983,54,0,0,0,0
984,56,0,0,0,0
985,55,0,0,0,0
986,56,0,0,0,0
987,55,0,0,0,0
988,53,0,0,0,0
989,54,0,0,0,0
990,54,0,0,0,0
991,52,0,0,0,0
992,56,0,0,0,0
993,57,0,0,0,0
994,58,0,0,0,0
995,55,0,0,0,0
996,56,0,0,0,0
997,56,0,0,0,0
998,57,0,0,0,0
999,54,0,0,0,0
1000,56,0,0,0,0
1001,56,0,0,0,0
1002,56,0,0,0,0
1003,56,0,0,0,0
1004,52,0,0,0,0
1005,54,0,0,0,0
1006,56,0,0,0,0
1007,53,0,0,0,0
1008,55,0,0,0,0
1009,52,0,0,0,0
1010,55,0,0,0,0
1011,55,0,0,0,0
1012,54,0,0,0,0
1013,56,0,0,0,0
1014,54,0,0,0,0
1015,54,0,0,0,0
1016,54,0,0,0,0
1017,94,0,0,0,0
1018,56,0,0,0,0
1019,55,0,0,0,0
1020,93,0,0,0,0
1021,53,0,0,0,0
1022,55,0,0,0,0
1023,51,0,0,0,0
1024,53,0,0,0,0
1025,54,0,0,0,0
1026,1615,0,0,1,0
1027,1613,0,0,1,0
1028,1621,0,0,1,0
1029,1619,0,0,1,0
1030,1603,0,0,1,0
1031,1604,0,0,1,0
1032,1606,0,0,1,0
1033,57,0,0,0,0
1034,1612,0,0,1,0
1035,57,0,0,0,0
1036,52,0,0,0,0
1037,1607,0,0,1,0
1038,55,0,0,0,0
1039,1607,0,0,1,0
1040,1598,0,0,1,0
1041,55,0,0,0,0
1042,1607,0,0,1,0
1043,53,0,0,0,0
1044,1602,0,0,1,0
1045,55,0,0,0,0
1046,55,0,0,0,0
1047,1594,0,0,1,0
1048,53,0,0,0,0
1049,1592,0,0,1,0
1050,57,0,0,0,0
1051,1592,0,0,1,0
1052,275,0,1,0,0
1053,1803,0,1,1,0
1054,250,0,1,0,0
1055,1787,0,1,1,0
1056,253,0,1,0,0
1057,1787,0,1,1,0
1058,247,0,1,0,0
1059,1781,0,1,1,0
1060,247,0,1,0,0
1061,1791,0,1,1,0
1062,249,0,1,0,0
1063,1781,0,1,1,0
1064,244,0,1,0,0
1065,1783,0,1,1,0
1066,242,0,1,0,0
1067,245,0,1,0,0
1068,244,0,1,0,0
1069,246,0,1,0,0
1070,243,0,1,0,0
1071,243,0,1,0,0
1072,241,0,1,0,0
1073,241,0,1,0,0
1074,245,0,1,0,0
1075,241,0,1,0,0
1076,242,0,1,0,0
1077,241,0,1,0,0
1078,237,0,1,0,0
1079,241,0,1,0,0
1080,238,0,1,0,0
1081,238,0,1,0,0
1082,242,0,1,0,0
1083,243,0,1,0,0
1084,241,0,1,0,0
1085,238,0,1,0,0
1086,238,0,1,0,0
1087,235,0,1,0,0
1088,241,0,1,0,0
1089,277,0,1,0,0
1090,278,0,1,0,0
1091,237,0,1,0,0
1092,239,0,1,0,0
1093,239,0,1,0,0
1094,237,0,1,0,0
1095,237,0,1,0,0
1096,235,0,1,0,0
1097,284,0,1,0,0
1098,262,0,1,0,0
1099,261,0,1,0,0
1100,286,0,1,0,0
1101,275,0,1,0,0
1102,254,0,1,0,0
1103,258,0,1,0,0
1104,256,0,1,0,0
1105,261,0,1,0,0
1106,263,0,1,0,0
1107,259,0,1,0,0
1108,263,0,1,0,0
1109,259,0,1,0,0
1110,80,0,0,0,0
1111,79,0,0,0,0
1112,80,0,0,0,0
1113,82,0,0,0,0
1114,77,0,0,0,0
1115,78,0,0,0,0
1116,84,0,0,0,0
1117,78,0,0,0,0
1118,88,0,0,0,0
1119,84,0,0,0,0
1120,86,0,0,0,0
1121,81,0,0,0,0
1122,106,0,0,0,0
1123,84,0,0,0,0
1124,81,0,0,0,0
1125,78,0,0,0,0
1126,84,0,0,0,0
1127,100,0,0,0,0
1128,84,0,0,0,0
1129,83,0,0,0,0
1130,81,0,0,0,0
1131,93,0,0,0,0
1132,81,0,0,0,0
1133,79,0,0,0,0
1134,81,0,0,0,0
1135,84,0,0,0,0
1136,78,0,0,0,0
1137,88,0,0,0,0
1138,79,0,0,0,0
1139,86,0,0,0,0
1140,80,0,0,0,0
1141,79,0,0,0,0
1142,80,0,0,0,0
1143,85,0,0,0,0
1144,82,0,0,0,0
1145,82,0,0,0,0
1146,80,0,0,0,0
1147,80,0,0,0,0
1148,81,0,0,0,0
1149,81,0,0,0,0
1150,82,0,0,0,0
1151,80,0,0,0,0
1152,80,0,0,0,0
1153,83,0,0,0,0
1154,82,0,0,0,0
1155,85,0,0,0,0
1156,82,0,0,0,0
1157,81,0,0,0,0
1158,86,0,0,0,0
1159,82,0,0,0,0
1160,81,0,0,0,0
1161,77,0,0,0,0
1162,82,0,0,0,0
1163,79,0,0,0,0
1164,89,0,0,0,0
1165,83,0,0,0,0
1166,82,0,0,0,0
1167,81,0,0,0,0
1168,82,0,0,0,0
1169,85,0,0,0,0
1170,78,0,0,0,0
1171,77,0,0,0,0
1172,83,0,0,0,0
1173,88,0,0,0,0
1174,81,0,0,0,0
1175,82,0,0,0,0
1176,77,0,0,0,0
1177,83,0,0,0,0
1178,81,0,0,0,0
1179,82,0,0,0,0
1180,88,0,0,0,0
1181,83,0,0,0,0
1182,81,0,0,0,0
1183,83,0,0,0,0
1184,81,0,0,0,0
1185,82,0,0,0,0
1186,82,0,0,0,0
1187,88,0,0,0,0
1188,79,0,0,0,0
1189,80,0,0,0,0
1190,83,0,0,0,0
1191,84,0,0,0,0
1192,84,0,0,0,0
1193,85,0,0,0,0
1194,83,0,0,0,0
1195,85,0,0,0,0
1196,82,0,0,0,0
1197,82,0,0,0,0
1198,76,0,0,0,0
1199,96,0,0,0,0
1200,101,0,0,0,0
1201,90,0,0,0,0
1202,80,0,0,0,0
1203,78,0,0,0,0
1204,85,0,0,0,0
1205,85,0,0,0,0
1206,82,0,0,0,0
1207,84,0,0,0,0
1208,82,0,0,0,0
1209,82,0,0,0,0
1210,82,0,0,0,0
1211,75,0,0,0,0
1212,80,0,0,0,0
1213,81,0,0,0,0
1214,169,0,0,0,1
1215,171,0,0,0,1
1216,172,0,0,0,1
1217,185,0,0,0,1
1218,184,0,0,0,1
1219,177,0,0,0,1
1220,183,0,0,0,1
1221,190,0,0,0,1
1222,190,0,0,0,1
1223,197,0,0,0,1
1224,192,0,0,0,1
1225,194,0,0,0,1
1226,193,0,0,0,1
1227,215,0,0,0,1
1228,197,0,0,0,1
1229,197,0,0,0,1
1230,200,0,0,0,1
1231,199,0,0,0,1
1232,202,0,0,0,1
1233,243,0,0,0,1
1234,195,0,0,0,1
1235,190,0,0,0,1
1236,199,0,0,0,1
1237,199,0,0,0,1
1238,196,0,0,0,1
1239,200,0,0,0,1
1240,188,0,0,0,1
1241,195,0,0,0,1
1242,198,0,0,0,1
1243,199,0,0,0,1
1244,195,0,0,0,1
1245,196,0,0,0,1
1246,214,0,0,0,1
1247,193,0,0,0,1
1248,193,0,0,0,1
1249,188,0,0,0,1
1250,190,0,0,0,1
1251,185,0,0,0,1
1252,193,0,0,0,1
1253,211,0,0,0,1
1254,207,0,0,0,1
1255,210,0,0,0,1
1256,200,0,0,0,1
1257,413,0,1,0,1
1258,451,0,1,0,1
1259,418,0,1,0,1
1260,409,0,1,0,1
1261,402,0,1,0,1
1262,388,0,1,0,1
1263,386,0,1,0,1
1264,393,0,1,0,1
1265,397,0,1,0,1
1266,383,0,1,0,1
1267,382,0,1,0,1
1268,383,0,1,0,1
1269,386,0,1,0,1
1270,381,0,1,0,1
1271,379,0,1,0,1
1272,375,0,1,0,1
1273,385,0,1,0,1
1274,377,0,1,0,1
1275,384,0,1,0,1
1276,380,0,1,0,1
1277,386,0,1,0,1
1278,384,0,1,0,1
1279,379,0,1,0,1
1280,373,0,1,0,1
1281,389,0,1,0,1
1282,352,0,1,0,1
1283,354,0,1,0,1
1284,353,0,1,0,1
1285,356,0,1,0,1
1286,349,0,1,0,1
1287,348,0,1,0,1
1288,352,0,1,0,1
1289,351,0,1,0,1
1290,351,0,1,0,1
1291,347,0,1,0,1
1292,344,0,1,0,1
1293,348,0,1,0,1
1294,346,0,1,0,1
1295,346,0,1,0,1
1296,347,0,1,0,1
1297,345,0,1,0,1
1298,347,0,1,0,1
1299,343,0,1,0,1
1300,347,0,1,0,1
1301,343,0,1,0,1
1302,350,0,1,0,1
1303,345,0,1,0,1
1304,347,0,1,0,1
1305,348,0,1,0,1
1306,345,0,1,0,1
1307,347,0,1,0,1
1308,342,0,1,0,1
1309,342,0,1,0,1
1310,166,0,0,0,1
1311,166,0,0,0,1
1312,167,0,0,0,1
1313,168,0,0,0,1
1314,166,0,0,0,1
1315,167,0,0,0,1
1316,169,0,0,0,1
1317,170,0,0,0,1
1318,162,0,0,0,1
1319,163,0,0,0,1
1320,164,0,0,0,1
1321,167,0,0,0,1
1322,166,0,0,0,1
1323,162,0,0,0,1
1324,163,0,0,0,1
1325,169,0,0,0,1
1326,163,0,0,0,1
1327,164,0,0,0,1
1328,163,0,0,0,1
1329,163,0,0,0,1
1330,164,0,0,0,1
1331,163,0,0,0,1
1332,162,0,0,0,1
1333,163,0,0,0,1
1334,163,0,0,0,1
1335,165,0,0,0,1
1336,164,0,0,0,1
1337,161,0,0,0,1
1338,166,0,0,0,1
1339,164,0,0,0,1
1340,164,0,0,0,1
1341,163,0,0,0,1
1342,164,0,0,0,1
1343,167,0,0,0,1
1344,167,0,0,0,1
1345,164,0,0,0,1
1346,162,0,0,0,1
1347,163,0,0,0,1
1348,162,0,0,0,1
1349,160,0,0,0,1
1350,163,0,0,0,1
1351,163,0,0,0,1
1352,161,0,0,0,1
1353,161,0,0,0,1
1354,161,0,0,0,1
1355,162,0,0,0,1
1356,168,0,0,0,1
1357,161,0,0,0,1
1358,162,0,0,0,1
1359,165,0,0,0,1
1360,161,0,0,0,1
1361,161,0,0,0,1
1362,163,0,0,0,1
1363,163,0,0,0,1
1364,161,0,0,0,1
1365,162,0,0,0,1
1366,164,0,0,0,1
1367,203,0,0,0,1
1368,166,0,0,0,1
1369,163,0,0,0,1
1370,162,0,0,0,1
1371,163,0,0,0,1
1372,162,0,0,0,1
1373,163,0,0,0,1
1374,163,0,0,0,1
1375,162,0,0,0,1
1376,163,0,0,0,1
1377,163,0,0,0,1
1378,163,0,0,0,1
1379,165,0,0,0,1
1380,163,0,0,0,1
1381,165,0,0,0,1
1382,161,0,0,0,1
1383,162,0,0,0,1
1384,162,0,0,0,1
1385,161,0,0,0,1
1386,161,0,0,0,1
1387,161,0,0,0,1
1388,163,0,0,0,1
1389,163,0,0,0,1
1390,163,0,0,0,1
1391,166,0,0,0,1
1392,162,0,0,0,1
1393,164,0,0,0,1
1394,163,0,0,0,1
1395,162,0,0,0,1
1396,160,0,0,0,1
1397,161,0,0,0,1
1398,162,0,0,0,1
1399,165,0,0,0,1
1400,162,0,0,0,1
1401,193,0,0,0,1
1402,186,0,0,0,1
1403,192,0,0,0,1
1404,189,0,0,0,1
1405,213,0,0,0,1
1406,210,0,0,0,1
1407,209,0,0,0,1
1408,210,0,0,0,1
1409,209,0,0,0,1
1410,210,0,0,0,1
1411,188,0,0,0,1
1412,190,0,0,0,1
1413,200,0,0,0,1
1414,190,0,0,0,1
1415,193,0,0,0,1
1416,196,0,0,0,1
1417,189,0,0,0,1
1418,188,0,0,0,1
1419,186,0,0,0,1
1420,194,0,0,0,1
1421,188,0,0,0,1
1422,186,0,0,0,1
1423,187,0,0,0,1
1424,192,0,0,0,1
1425,190,0,0,0,1
1426,189,0,0,0,1
1427,191,0,0,0,1
1428,188,0,0,0,1
1429,188,0,0,0,1
1430,190,0,0,0,1
1431,190,0,0,0,1
1432,188,0,0,0,1
1433,195,0,0,0,1
1434,185,0,0,0,1
1435,189,0,0,0,1
1436,185,0,0,0,1
1437,192,0,0,0,1
1438,189,0,0,0,1
1439,189,0,0,0,1
1440,190,0,0,0,1
1441,184,0,0,0,1
1442,190,0,0,0,1
1443,185,0,0,0,1
1444,195,0,0,0,1
1445,184,0,0,0,1
1446,185,0,0,0,1
1447,184,0,0,0,1
1448,190,0,0,0,1
1449,187,0,0,0,1
1450,188,0,0,0,1
1451,185,0,0,0,1
1452,190,0,0,0,1
1453,191,0,0,0,1
1454,187,0,0,0,1
1455,184,0,0,0,1
1456,191,0,0,0,1
1457,196,0,0,0,1
1458,185,0,0,0,1
1459,187,0,0,0,1
1460,187,0,0,0,1
1461,187,0,0,0,1
1462,184,0,0,0,1
1463,184,0,0,0,1
1464,187,0,0,0,1
1465,193,0,0,0,1
1466,188,0,0,0,1
1467,190,0,0,0,1
1468,193,0,0,0,1
1469,192,0,0,0,1
1470,190,0,0,0,1
1471,185,0,0,0,1
1472,185,0,0,0,1
1473,188,0,0,0,1
1474,190,0,0,0,1
1475,193,0,0,0,1
1476,189,0,0,0,1
1477,194,0,0,0,1
1478,196,0,0,0,1
1479,192,0,0,0,1
1480,191,0,0,0,1
1481,193,0,0,0,1
1482,192,0,0,0,1
1483,181,0,0,0,1
1484,192,0,0,0,1
1485,186,0,0,0,1
1486,195,0,0,0,1
1487,189,0,0,0,1
1488,187,0,0,0,1
1489,192,0,0,0,1
1490,187,0,0,0,1
1491,192,0,0,0,1
1492,188,0,0,0,1
1493,186,0,0,0,1
1494,194,0,0,0,1
1495,192,0,0,0,1
1496,190,0,0,0,1
1497,190,0,0,0,1
1498,193,0,0,0,1
1499,193,0,0,0,1
1500,192,0,0,0,1
1501,192,0,0,0,1
1502,192,0,0,0,1
1503,191,0,0,0,1
1504,196,0,0,0,1
1505,191,0,0,0,1
1506,191,0,0,0,1
1507,195,0,0,0,1
1508,187,0,0,0,1
1509,189,0,0,0,1
1510,187,0,0,0,1
1511,183,0,0,0,1
1512,201,0,0,0,1
1513,185,0,0,0,1
1514,194,0,0,0,1
1515,187,0,0,0,1
1516,195,0,0,0,1
1517,194,0,0,0,1
1518,193,0,0,0,1
1519,196,0,0,0,1
1520,200,0,0,0,1
1521,200,0,0,0,1
1522,201,0,0,0,1
1523,200,0,0,0,1
1524,190,0,0,0,1
1525,185,0,0,0,1
1526,188,0,0,0,1
1527,1686,0,1,0,1
1528,409,0,1,0,1
1529,399,0,1,0,1
1530,393,0,1,0,1
1531,392,0,1,0,1
1532,388,0,1,0,1
1533,399,0,1,0,1
1534,379,0,1,0,1
1535,379,0,1,0,1
1536,381,0,1,0,1
1537,383,0,1,0,1
1538,378,0,1,0,1
1539,377,0,1,0,1
1540,375,0,1,0,1
1541,378,0,1,0,1
1542,384,0,1,0,1
1543,381,0,1,0,1
1544,376,0,1,0,1
1545,399,0,1,0,1
1546,387,0,1,0,1
1547,380,0,1,0,1
1548,379,0,1,0,1
1549,381,0,1,0,1
1550,377,0,1,0,1
1551,371,0,1,0,1
1552,378,0,1,0,1
1553,377,0,1,0,1
1554,382,0,1,0,1
1555,380,0,1,0,1
1556,384,0,1,0,1
1557,386,0,1,0,1
1558,381,0,1,0,1
1559,380,0,1,0,1
1560,378,0,1,0,1
1561,379,0,1,0,1
1562,373,0,1,0,1
1563,380,0,1,0,1
1564,379,0,1,0,1
1565,394,0,1,0,1
1566,373,0,1,0,1
1567,384,0,1,0,1
1568,382,0,1,0,1
1569,376,0,1,0,1
1570,388,0,1,0,1
1571,375,0,1,0,1
1572,371,0,1,0,1
1573,374,0,1,0,1
1574,372,0,1,0,1
1575,371,0,1,0,1
1576,373,0,1,0,1
1577,371,0,1,0,1
1578,369,0,1,0,1
1579,371,0,1,0,1
1580,365,0,1,0,1
1581,379,0,1,0,1
1582,370,0,1,0,1
1583,376,0,1,0,1
1584,375,0,1,0,1
1585,372,0,1,0,1
1586,366,0,1,0,1
1587,372,0,1,0,1
1588,375,0,1,0,1
1589,191,0,0,0,1
1590,187,0,0,0,1
1591,184,0,0,0,1
1592,191,0,0,0,1
1593,190,0,0,0,1
1594,192,0,0,0,1
1595,184,0,0,0,1
1596,189,0,0,0,1
1597,192,0,0,0,1
1598,190,0,0,0,1
1599,197,0,0,0,1
1600,194,0,0,0,1
1601,191,0,0,0,1
1602,196,0,0,0,1
1603,194,0,0,0,1
1604,195,0,0,0,1
1605,198,0,0,0,1
1606,189,0,0,0,1
1607,205,0,0,0,1
1608,186,0,0,0,1
1609,193,0,0,0,1
1610,195,0,0,0,1
1611,196,0,0,0,1
1612,198,0,0,0,1
1613,188,0,0,0,1
1614,203,0,0,0,1
1615,209,0,0,0,1
1616,197,0,0,0,1
1617,196,0,0,0,1
1618,198,0,0,0,1
1619,200,0,0,0,1
1620,194,0,0,0,1
1621,188,0,0,0,1
1622,195,0,0,0,1
1623,198,0,0,0,1
1624,195,0,0,0,1
1625,208,0,0,0,1
1626,194,0,0,0,1
1627,212,0,0,0,1
1628,192,0,0,0,1
1629,195,0,0,0,1
1630,189,0,0,0,1
1631,193,0,0,0,1
1632,187,0,0,0,1
1633,198,0,0,0,1
1634,197,0,0,0,1
1635,207,0,0,0,1
1636,198,0,0,0,1
1637,197,0,0,0,1
1638,194,0,0,0,1
1639,196,0,0,0,1
1640,189,0,0,0,1
1641,199,0,0,0,1
1642,208,0,0,0,1
1643,196,0,0,0,1
1644,192,0,0,0,1
1645,190,0,0,0,1
1646,207,0,0,0,1
1647,206,0,0,0,1
1648,253,0,0,1,1
1649,231,0,0,0,1
1650,231,0,0,0,1
1651,232,0,0,0,1
1652,259,0,0,1,1
1653,240,0,0,0,1
1654,241,0,0,0,1
1655,238,0,0,0,1
1656,250,0,0,1,1
1657,233,0,0,0,1
1658,228,0,0,0,1
1659,238,0,0,0,1
1660,230,0,0,0,1
1661,249,0,0,1,1
1662,259,0,0,1,1
1663,249,0,0,1,1
1664,235,0,0,0,1
1665,230,0,0,0,1
1666,237,0,0,0,1
1667,311,0,0,0,1
1668,311,0,0,0,1
1669,316,0,0,0,1
1670,302,0,0,0,1
1671,304,0,0,0,1
1672,319,0,0,0,1
1673,318,0,0,0,1
1674,311,0,0,0,1
1675,303,0,0,0,1
1676,297,0,0,0,1
1677,334,0,0,1,1
1678,239,0,0,0,1
1679,241,0,0,0,1
1680,239,0,0,0,1
1681,216,0,0,0,1
1682,239,0,0,0,1
1683,247,0,0,1,1
1684,246,0,0,0,1
1685,229,0,0,0,1
1686,238,0,0,0,1
1687,250,0,0,1,1
1688,265,0,0,1,1
1689,231,0,0,0,1
1690,231,0,0,0,1
1691,247,0,0,0,1
1692,236,0,0,0,1
1693,267,0,0,1,1
1694,250,0,0,1,1
1695,236,0,0,0,1
1696,278,0,0,1,1
1697,265,0,0,1,1
1698,230,0,0,0,1
1699,254,0,0,1,1
1700,252,0,0,1,1
1701,249,0,0,1,1
1702,249,0,0,1,1
1703,459,0,1,0,1
1704,462,0,1,1,1
1705,458,0,1,1,1
1706,457,0,1,1,1
1707,450,0,1,1,1
1708,441,0,1,1,1
1709,444,0,1,1,1
1710,433,0,1,0,1
1711,435,0,1,0,1
1712,425,0,1,1,1
1713,452,0,1,1,1
1714,449,0,1,1,1
1715,450,0,1,1,1
1716,445,0,1,1,1
1717,460,0,1,1,1
1718,436,0,1,1,1
1719,428,0,1,0,1
1720,409,0,1,0,1
1721,424,0,1,0,1
1722,407,0,1,0,1
1723,421,0,1,0,1
1724,408,0,1,0,1
1725,414,0,1,0,1
1726,409,0,1,0,1
1727,414,0,1,0,1
1728,414,0,1,0,1
1729,421,0,1,0,1
1730,419,0,1,0,1
1731,420,0,1,0,1
1732,402,0,1,0,1
1733,4648,1,1,0,1
1734,4585,1,1,0,1
1735,4542,1,1,0,1
1736,4574,1,1,0,1
1737,4602,1,1,0,1
1738,4596,1,1,0,1
1739,4547,1,1,0,1
1740,4539,1,1,0,1
1741,4539,1,1,0,1
1742,4536,1,1,0,1
1743,4537,1,1,0,1
1744,4564,1,1,0,1
1745,4569,1,1,0,1
1746,4522,1,1,0,1
1747,4528,1,1,0,1
1748,414,0,1,0,1
1749,408,0,1,0,1
1750,412,0,1,0,1
1751,414,0,1,0,1
1752,411,0,1,0,1
1753,404,0,1,0,1
1754,415,0,1,0,1
1755,404,0,1,0,1
1756,402,0,1,0,1
1757,227,0,0,0,1
1758,230,0,0,0,1
1759,4341,1,0,0,1
1760,4378,1,0,0,1
1761,4374,1,0,0,1
1762,226,0,0,0,1
1763,231,0,0,0,1
1764,233,0,0,0,1
1765,229,0,0,0,1
1766,231,0,0,0,1
1767,233,0,0,0,1
1768,238,0,0,0,1
1769,238,0,0,0,1
1770,236,0,0,0,1
1771,226,0,0,0,1
1772,236,0,0,0,1
1773,247,0,0,0,1
1774,241,0,0,0,1
1775,228,0,0,0,1
1776,231,0,0,0,1
1777,266,0,0,1,1
1778,236,0,0,0,1
1779,255,0,0,1,1
1780,243,0,0,0,1
1781,4404,1,0,0,1
1782,4393,1,0,0,1
1783,4380,1,0,0,1
1784,4364,1,0,0,1
1785,221,0,0,0,1
1786,241,0,0,0,1
1787,250,0,0,1,1
1788,254,0,0,1,1
1789,253,0,0,1,1
1790,211,0,0,0,1
1791,272,0,0,0,1
1792,4348,1,0,0,1
1793,4387,1,0,0,1
1794,4379,1,0,0,1
1795,226,0,0,0,1
1796,280,0,0,0,1
1797,243,0,0,0,1
1798,244,0,0,0,1
1799,274,0,0,1,1
1800,256,0,0,1,1
1801,247,0,0,0,1
1802,250,0,0,0,1
1803,232,0,0,0,1
1804,261,0,0,1,1
1805,248,0,0,0,1
1806,261,0,0,1,1
1807,248,0,0,0,1
1808,252,0,0,0,1
1809,247,0,0,0,1
1810,251,0,0,0,1
1811,4370,1,0,0,1
1812,4376,1,0,0,1
1813,4382,1,0,0,1
1814,4397,1,0,1,1
1815,237,0,0,0,1
1816,240,0,0,0,1
1817,235,0,0,0,1
1818,238,0,0,0,1
1819,238,0,0,0,1
1820,239,0,0,0,1
1821,225,0,0,0,1
1822,244,0,0,0,1
1823,236,0,0,0,1
1824,224,0,0,0,1
1825,234,0,0,0,1
1826,224,0,0,0,1
1827,236,0,0,0,1
1828,231,0,0,0,1
1829,235,0,0,0,1
1830,225,0,0,0,1
1831,227,0,0,0,1
1832,221,0,0,0,1
1833,243,0,0,0,1
1834,222,0,0,0,1
1835,230,0,0,0,1
1836,236,0,0,0,1
1837,228,0,0,0,1
1838,4375,1,0,0,1
1839,4367,1,0,0,1
1840,4390,1,0,1,1
1841,4363,1,0,0,1
1842,229,0,0,0,1
1843,235,0,0,0,1
1844,264,0,0,0,1
1845,4377,1,0,0,1
1846,4380,1,0,0,1
1847,4372,1,0,0,1
1848,270,0,0,0,1
1849,276,0,0,0,1
1850,265,0,0,0,1
1851,262,0,0,0,1
1852,282,0,0,1,1
1853,271,0,0,0,1
1854,259,0,0,0,1
1855,265,0,0,0,1
1856,276,0,0,0,1
1857,284,0,0,0,1
1858,280,0,0,0,1
1859,279,0,0,0,1
1860,282,0,0,0,1
1861,273,0,0,0,1
1862,260,0,0,0,1
1863,273,0,0,0,1
1864,268,0,0,0,1
1865,269,0,0,0,1
1866,268,0,0,0,1
1867,287,0,0,1,1
1868,257,0,0,0,1
1869,258,0,0,0,1
1870,255,0,0,0,1
1871,266,0,0,0,1
1872,276,0,0,1,1
1873,267,0,0,0,1
1874,270,0,0,0,1
1875,285,0,0,1,1
1876,274,0,0,0,1
1877,276,0,0,0,1
1878,240,0,0,0,1
1879,270,0,0,0,1
1880,273,0,0,0,1
1881,289,0,0,1,1
1882,304,0,0,1,1
1883,304,0,0,1,1
1884,303,0,0,1,1
1885,300,0,0,1,1
1886,303,0,0,1,1
1887,307,0,0,1,1
1888,302,0,0,1,1
1889,299,0,0,1,1
1890,301,0,0,1,1
1891,301,0,0,1,1
1892,302,0,0,1,1
1893,301,0,0,1,1
1894,297,0,0,1,1
1895,295,0,0,1,1
1896,295,0,0,1,1
1897,249,0,0,0,1
1898,245,0,0,0,1
1899,246,0,0,0,1
1900,245,0,0,0,1
1901,245,0,0,0,1
1902,245,0,0,0,1
1903,245,0,0,0,1
1904,246,0,0,0,1
1905,244,0,0,0,1
1906,245,0,0,0,1
1907,230,0,0,0,1
1908,234,0,0,0,1
1909,230,0,0,0,1
1910,230,0,0,0,1
1911,230,0,0,0,1
1912,230,0,0,0,1
1913,231,0,0,0,1
1914,230,0,0,0,1
1915,229,0,0,0,1
1916,231,0,0,0,1
1917,230,0,0,0,1
1918,230,0,0,0,1
1919,230,0,0,0,1
1920,231,0,0,0,1
1921,232,0,0,0,1
1922,241,0,0,0,1
1923,212,0,0,0,1
1924,207,0,0,0,1
1925,206,0,0,0,1
1926,207,0,0,0,1
1927,206,0,0,0,1
1928,209,0,0,0,1
1929,206,0,0,0,1
1930,210,0,0,0,1
1931,209,0,0,0,1
1932,195,0,0,0,1
1933,197,0,0,0,1
1934,198,0,0,0,1
1935,198,0,0,0,1
1936,197,0,0,0,1
1937,195,0,0,0,1
1938,196,0,0,0,1
1939,196,0,0,0,1
1940,196,0,0,0,1
1941,194,0,0,0,1
1942,193,0,0,0,1
1943,195,0,0,0,1
1944,195,0,0,0,1
1945,199,0,0,0,1
1946,195,0,0,0,1
1947,197,0,0,0,1
1948,196,0,0,0,1
1949,194,0,0,0,1
1950,194,0,0,0,1
1951,196,0,0,0,1
1952,199,0,0,0,1
1953,196,0,0,0,1
1954,195,0,0,0,1
1955,194,0,0,0,1
1956,194,0,0,0,1
1957,196,0,0,0,1
1958,198,0,0,0,1
1959,206,0,0,0,1
1960,204,0,0,0,1
1961,194,0,0,0,1
1962,207,0,0,0,1
1963,208,0,0,0,1
1964,208,0,0,0,1
1965,210,0,0,0,1
1966,209,0,0,0,1
1967,210,0,0,0,1
1968,210,0,0,0,1
1969,210,0,0,0,1
1970,215,0,0,0,1
1971,208,0,0,0,1
1972,209,0,0,0,1
1973,212,0,0,0,1
1974,211,0,0,0,1
1975,211,0,0,0,1
1976,210,0,0,0,1
1977,211,0,0,0,1
1978,210,0,0,0,1
1979,209,0,0,0,1
1980,207,0,0,0,1
1981,208,0,0,0,1
1982,211,0,0,0,1
1983,209,0,0,0,1
1984,209,0,0,0,1
1985,207,0,0,0,1
1986,211,0,0,0,1
1987,208,0,0,0,1
1988,208,0,0,0,1
1989,208,0,0,0,1
1990,207,0,0,0,1
1991,207,0,0,0,1
1992,205,0,0,0,1
1993,206,0,0,0,1
1994,206,0,0,0,1
1995,210,0,0,0,1
1996,208,0,0,0,1
1997,208,0,0,0,1
1998,207,0,0,0,1
1999,210,0,0,0,1
2000,207,0,0,0,1
2001,207,0,0,0,1
2002,206,0,0,0,1
2003,207,0,0,0,1
2004,206,0,0,0,1
2005,207,0,0,0,1
2006,208,0,0,0,1
2007,208,0,0,0,1
2008,215,0,0,0,1
2009,207,0,0,0,1
2010,435,0,1,0,1
2011,419,0,1,0,1
2012,434,0,1,0,1
2013,432,0,1,0,1
2014,406,0,1,0,1
2015,404,0,1,0,1
2016,401,0,1,0,1
2017,403,0,1,0,1
2018,402,0,1,0,1
2019,401,0,1,0,1
2020,402,0,1,0,1
2021,404,0,1,0,1
2022,402,0,1,0,1
2023,404,0,1,0,1
2024,398,0,1,0,1
2025,401,0,1,0,1
2026,415,0,1,0,1
2027,415,0,1,0,1
2028,416,0,1,0,1
2029,418,0,1,0,1
2030,417,0,1,0,1
2031,417,0,1,0,1
2032,411,0,1,0,1
2033,413,0,1,0,1
2034,413,0,1,0,1
2035,413,0,1,0,1
2036,407,0,1,0,1
2037,411,0,1,0,1
2038,406,0,1,0,1
2039,409,0,1,0,1
2040,406,0,1,0,1
2041,403,0,1,0,1
2042,404,0,1,0,1
2043,404,0,1,0,1
2044,407,0,1,0,1
2045,401,0,1,0,1
2046,405,0,1,0,1
2047,402,0,1,0,1
2048,403,0,1,0,1
2049,402,0,1,0,1
2050,401,0,1,0,1
2051,399,0,1,0,1
2052,401,0,1,0,1
2053,400,0,1,0,1
2054,408,0,1,0,1
2055,414,0,1,0,1
2056,397,0,1,0,1
2057,400,0,1,0,1
2058,394,0,1,0,1
2059,397,0,1,0,1
2060,398,0,1,0,1
2061,395,0,1,0,1
2062,397,0,1,0,1
2063,399,0,1,0,1
2064,399,0,1,0,1
2065,393,0,1,0,1
2066,396,0,1,0,1
2067,383,0,1,0,1
2068,385,0,1,0,1
2069,390,0,1,0,1
2070,399,0,1,0,1
2071,397,0,1,0,1
2072,396,0,1,0,1
2073,390,0,1,0,1
2074,388,0,1,0,1
2075,391,0,1,0,1
2076,218,0,0,0,1
2077,215,0,0,0,1
2078,220,0,0,0,1
2079,216,0,0,0,1
2080,214,0,0,0,1
2081,215,0,0,0,1
2082,218,0,0,0,1
2083,214,0,0,0,1
2084,214,0,0,0,1
2085,223,0,0,0,1
2086,215,0,0,0,1
2087,214,0,0,0,1
2088,213,0,0,0,1
2089,216,0,0,0,1
2090,216,0,0,0,1
2091,214,0,0,0,1
2092,212,0,0,0,1
2093,215,0,0,0,1
2094,217,0,0,0,1
2095,214,0,0,0,1
2096,219,0,0,0,1
2097,220,0,0,0,1
2098,214,0,0,0,1
2099,217,0,0,0,1
2100,217,0,0,0,1
2101,215,0,0,0,1
2102,217,0,0,0,1
2103,215,0,0,0,1
2104,214,0,0,0,1
2105,212,0,0,0,1
2106,214,0,0,0,1
2107,214,0,0,0,1
2108,217,0,0,0,1
2109,221,0,0,0,1
2110,214,0,0,0,1
2111,216,0,0,0,1
2112,217,0,0,0,1
2113,213,0,0,0,1
2114,214,0,0,0,1
2115,214,0,0,0,1
2116,214,0,0,0,1
2117,216,0,0,0,1
2118,215,0,0,0,1
2119,215,0,0,0,1
2120,214,0,0,0,1
2121,217,0,0,0,1
2122,217,0,0,0,1
2123,216,0,0,0,1
2124,231,0,0,0,1
2125,217,0,0,0,1
2126,214,0,0,0,1
2127,213,0,0,0,1
2128,217,0,0,0,1
2129,213,0,0,0,1
2130,213,0,0,0,1
2131,212,0,0,0,1
2132,217,0,0,0,1
2133,211,0,0,0,1
2134,215,0,0,0,1
2135,231,0,0,0,1
2136,232,0,0,0,1
2137,240,0,0,0,1
2138,239,0,0,0,1
2139,218,0,0,0,1
2140,213,0,0,0,1
2141,212,0,0,0,1
2142,213,0,0,0,1
2143,215,0,0,0,1
2144,209,0,0,0,1
2145,218,0,0,0,1
2146,211,0,0,0,1
2147,212,0,0,0,1
2148,210,0,0,0,1
2149,210,0,0,0,1
2150,212,0,0,0,1
2151,211,0,0,0,1
2152,212,0,0,0,1
2153,212,0,0,0,1
2154,213,0,0,0,1
2155,215,0,0,0,1
2156,213,0,0,0,1
2157,214,0,0,0,1
2158,213,0,0,0,1
2159,212,0,0,0,1
2160,208,0,0,0,1
2161,210,0,0,0,1
2162,210,0,0,0,1
2163,210,0,0,0,1
2164,207,0,0,0,1
2165,213,0,0,0,1
2166,210,0,0,0,1
2167,211,0,0,0,1
2168,209,0,0,0,1
2169,212,0,0,0,1
2170,207,0,0,0,1
2171,209,0,0,0,1
2172,206,0,0,0,1
2173,214,0,0,0,1
2174,207,0,0,0,1
2175,205,0,0,0,1
2176,209,0,0,0,1
2177,209,0,0,0,1
2178,213,0,0,0,1
2179,212,0,0,0,1
2180,210,0,0,0,1
2181,208,0,0,0,1
2182,206,0,0,0,1
2183,208,0,0,0,1
2184,211,0,0,0,1
2185,227,0,0,0,1
2186,212,0,0,0,1
2187,208,0,0,0,1
2188,206,0,0,0,1
2189,205,0,0,0,1
2190,206,0,0,0,1
2191,211,0,0,0,1
2192,209,0,0,0,1
2193,215,0,0,0,1
2194,208,0,0,0,1
2195,210,0,0,0,1
2196,213,0,0,0,1
2197,211,0,0,0,1
2198,210,0,0,0,1
2199,204,0,0,0,1
2200,206,0,0,0,1
2201,218,0,0,0,1
2202,212,0,0,0,1
2203,252,0,0,0,1
2204,208,0,0,0,1
2205,208,0,0,0,1
2206,209,0,0,0,1
2207,210,0,0,0,1
2208,209,0,0,0,1
2209,211,0,0,0,1
2210,206,0,0,0,1
2211,209,0,0,0,1
2212,203,0,0,0,1
2213,205,0,0,0,1
2214,219,0,0,0,1
2215,218,0,0,0,1
2216,215,0,0,0,1
2217,228,0,0,0,1
2218,215,0,0,0,1
2219,212,0,0,0,1
2220,211,0,0,0,1
2221,229,0,0,0,1
2222,211,0,0,0,1
2223,207,0,0,0,1
2224,212,0,0,0,1
2225,209,0,0,0,1
2226,212,0,0,0,1
2227,212,0,0,0,1
2228,211,0,0,0,1
2229,207,0,0,0,1
2230,212,0,0,0,1
2231,434,0,1,0,1
2232,416,0,1,0,1
2233,416,0,1,0,1
2234,421,0,1,0,1
2235,416,0,1,0,1
2236,400,0,1,0,1
2237,400,0,1,0,1
2238,404,0,1,0,1
2239,406,0,1,0,1
2240,405,0,1,0,1
2241,402,0,1,0,1
2242,399,0,1,0,1
2243,401,0,1,0,1
2244,398,0,1,0,1
2245,404,0,1,0,1
2246,397,0,1,0,1
2247,403,0,1,0,1
2248,406,0,1,0,1
2249,406,0,1,0,1
2250,400,0,1,0,1
2251,400,0,1,0,1
2252,405,0,1,0,1
2253,406,0,1,0,1
2254,399,0,1,0,1
2255,398,0,1,0,1
2256,401,0,1,0,1
2257,395,0,1,0,1
2258,397,0,1,0,1
2259,414,0,1,0,1
2260,396,0,1,0,1
2261,394,0,1,0,1
2262,398,0,1,0,1
2263,398,0,1,0,1
2264,386,0,1,0,1
2265,402,0,1,0,1
2266,392,0,1,0,1
2267,391,0,1,0,1
2268,388,0,1,0,1
2269,391,0,1,0,1
2270,396,0,1,0,1
2271,389,0,1,0,1
2272,384,0,1,0,1
2273,396,0,1,0,1
2274,388,0,1,0,1
2275,389,0,1,0,1
2276,386,0,1,0,1
2277,386,0,1,0,1
2278,395,0,1,0,1
2279,386,0,1,0,1
2280,385,0,1,0,1
2281,386,0,1,0,1
2282,389,0,1,0,1
2283,386,0,1,0,1
2284,389,0,1,0,1
2285,208,0,0,0,1
2286,211,0,0,0,1
2287,208,0,0,0,1
2288,210,0,0,0,1
2289,218,0,0,0,1
2290,219,0,0,0,1
2291,209,0,0,0,1
2292,209,0,0,0,1
2293,207,0,0,0,1
2294,206,0,0,0,1
2295,207,0,0,0,1
2296,206,0,0,0,1
2297,209,0,0,0,1
2298,208,0,0,0,1
2299,207,0,0,0,1
2300,205,0,0,0,1
2301,227,0,0,0,1
2302,210,0,0,0,1
2303,209,0,0,0,1
2304,230,0,0,0,1
2305,209,0,0,0,1
2306,212,0,0,0,1
2307,206,0,0,0,1
2308,206,0,0,0,1
2309,206,0,0,0,1
2310,205,0,0,0,1
2311,206,0,0,0,1
2312,203,0,0,0,1
2313,211,0,0,0,1
2314,207,0,0,0,1
2315,208,0,0,0,1
2316,206,0,0,0,1
2317,206,0,0,0,1
2318,207,0,0,0,1
2319,205,0,0,0,1
2320,203,0,0,0,1
2321,205,0,0,0,1
2322,205,0,0,0,1
2323,204,0,0,0,1
2324,215,0,0,0,1
2325,203,0,0,0,1
2326,202,0,0,0,1
2327,203,0,0,0,1
2328,205,0,0,0,1
2329,203,0,0,0,1
2330,186,0,0,0,1
2331,184,0,0,0,1
2332,184,0,0,0,1
2333,183,0,0,0,1
2334,185,0,0,0,1
2335,184,0,0,0,1
2336,184,0,0,0,1
2337,182,0,0,0,1
2338,183,0,0,0,1
2339,186,0,0,0,1
2340,187,0,0,0,1
2341,184,0,0,0,1
2342,184,0,0,0,1
2343,186,0,0,0,1
2344,186,0,0,0,1
2345,184,0,0,0,1
2346,227,0,0,0,1
2347,184,0,0,0,1
2348,186,0,0,0,1
2349,182,0,0,0,1
2350,183,0,0,0,1
2351,183,0,0,0,1
2352,182,0,0,0,1
2353,180,0,0,0,1
2354,179,0,0,0,1
2355,185,0,0,0,1
2356,182,0,0,0,1
2357,180,0,0,0,1
2358,180,0,0,0,1
2359,182,0,0,0,1
2360,180,0,0,0,1
2361,180,0,0,0,1
2362,186,0,0,0,1
2363,179,0,0,0,1
2364,181,0,0,0,1
2365,185,0,0,0,1
2366,185,0,0,0,1
2367,184,0,0,0,1
2368,183,0,0,0,1
2369,181,0,0,0,1
2370,183,0,0,0,1
2371,182,0,0,0,1
2372,182,0,0,0,1
2373,188,0,0,0,1
2374,181,0,0,0,1
2375,181,0,0,0,1
2376,181,0,0,0,1
2377,181,0,0,0,1
2378,182,0,0,0,1
2379,183,0,0,0,1
2380,182,0,0,0,1
2381,180,0,0,0,1
2382,183,0,0,0,1
2383,181,0,0,0,1
2384,180,0,0,0,1
2385,181,0,0,0,1
2386,181,0,0,0,1
2387,180,0,0,0,1
2388,181,0,0,0,1
2389,180,0,0,0,1
2390,182,0,0,0,1
2391,182,0,0,0,1
2392,184,0,0,0,1
2393,189,0,0,0,1
2394,184,0,0,0,1
2395,184,0,0,0,1
2396,185,0,0,0,1
2397,185,0,0,0,1
2398,182,0,0,0,1
2399,183,0,0,0,1
2400,184,0,0,0,1
2401,182,0,0,0,1
2402,187,0,0,0,1
2403,183,0,0,0,1
2404,186,0,0,0,1
2405,186,0,0,0,1
2406,185,0,0,0,1
2407,184,0,0,0,1
2408,182,0,0,0,1
2409,182,0,0,0,1
2410,182,0,0,0,1
2411,183,0,0,0,1
2412,183,0,0,0,1
2413,183,0,0,0,1
2414,187,0,0,0,1
2415,185,0,0,0,1
2416,184,0,0,0,1
2417,185,0,0,0,1
2418,183,0,0,0,1
2419,184,0,0,0,1
2420,187,0,0,0,1
2421,184,0,0,0,1
2422,183,0,0,0,1
2423,184,0,0,0,1
2424,183,0,0,0,1
2425,183,0,0,0,1
2426,186,0,0,0,1
2427,184,0,0,0,1
2428,187,0,0,0,1
2429,185,0,0,0,1
2430,188,0,0,0,1
2431,188,0,0,0,1
2432,183,0,0,0,1
2433,182,0,0,0,1
2434,184,0,0,0,1
2435,182,0,0,0,1
2436,181,0,0,0,1
2437,185,0,0,0,1
2438,185,0,0,0,1
2439,187,0,0,0,1
2440,189,0,0,0,1
2441,190,0,0,0,1
2442,187,0,0,0,1
2443,189,0,0,0,1
2444,189,0,0,0,1
2445,185,0,0,0,1
2446,186,0,0,0,1
2447,185,0,0,0,1
2448,189,0,0,0,1
2449,188,0,0,0,1
2450,187,0,0,0,1
2451,188,0,0,0,1
2452,187,0,0,0,1
2453,183,0,0,0,1
2454,188,0,0,0,1
2455,183,0,0,0,1
2456,187,0,0,0,1
2457,182,0,0,0,1
2458,184,0,0,0,1
2459,183,0,0,0,1
2460,187,0,0,0,1
2461,182,0,0,0,1
2462,184,0,0,0,1
2463,184,0,0,0,1
2464,184,0,0,0,1
2465,185,0,0,0,1
2466,184,0,0,0,1
2467,184,0,0,0,1
2468,183,0,0,0,1
2469,184,0,0,0,1
2470,183,0,0,0,1
2471,183,0,0,0,1
2472,186,0,0,0,1
2473,182,0,0,0,1
2474,183,0,0,0,1
2475,185,0,0,0,1
2476,188,0,0,0,1
2477,184,0,0,0,1
2478,182,0,0,0,1
2479,188,0,0,0,1
2480,183,0,0,0,1
2481,188,0,0,0,1
2482,186,0,0,0,1
2483,183,0,0,0,1
2484,230,0,0,0,1
2485,194,0,0,0,1
2486,181,0,0,0,1
2487,182,0,0,0,1
2488,182,0,0,0,1
2489,182,0,0,0,1
2490,185,0,0,0,1
2491,186,0,0,0,1
2492,180,0,0,0,1
2493,185,0,0,0,1
2494,185,0,0,0,1
2495,184,0,0,0,1
2496,183,0,0,0,1
2497,181,0,0,0,1
2498,187,0,0,0,1
2499,181,0,0,0,1
2500,262,0,0,0,1
2501,263,0,0,0,1
2502,263,0,0,0,1
2503,262,0,0,0,1
2504,266,0,0,0,1
2505,262,0,0,0,1
2506,262,0,0,0,1
2507,263,0,0,0,1
2508,263,0,0,0,1
2509,262,0,0,0,1
2510,262,0,0,0,1
2511,263,0,0,0,1
2512,262,0,0,0,1
2513,264,0,0,0,1
2514,262,0,0,0,1
2515,260,0,0,0,1
2516,263,0,0,0,1
2517,264,0,0,0,1
2518,498,0,1,0,1
2519,478,0,1,0,1
2520,465,0,1,0,1
2521,465,0,1,0,1
2522,458,0,1,0,1
2523,458,0,1,0,1
2524,459,0,1,0,1
2525,460,0,1,0,1
2526,460,0,1,0,1
2527,458,0,1,0,1
2528,457,0,1,0,1
2529,446,0,1,0,1
2530,443,0,1,0,1
2531,447,0,1,0,1
2532,445,0,1,0,1
2533,443,0,1,0,1
2534,442,0,1,0,1
2535,445,0,1,0,1
2536,445,0,1,0,1
2537,442,0,1,0,1
2538,444,0,1,0,1
2539,446,0,1,0,1
2540,442,0,1,0,1
2541,442,0,1,0,1
2542,440,0,1,0,1
2543,445,0,1,0,1
2544,441,0,1,0,1
2545,441,0,1,0,1
2546,438,0,1,0,1
2547,439,0,1,0,1
2548,437,0,1,0,1
2549,439,0,1,0,1
2550,438,0,1,0,1
2551,435,0,1,0,1
2552,432,0,1,0,1
2553,437,0,1,0,1
2554,439,0,1,0,1
2555,436,0,1,0,1
2556,439,0,1,0,1
2557,435,0,1,0,1
2558,440,0,1,0,1
2559,432,0,1,0,1
2560,434,0,1,0,1
2561,435,0,1,0,1
2562,434,0,1,0,1
2563,432,0,1,0,1
2564,432,0,1,0,1
2565,434,0,1,0,1
2566,433,0,1,0,1
2567,430,0,1,0,1
2568,435,0,1,0,1
2569,433,0,1,0,1
2570,432,0,1,0,1
2571,445,0,1,0,1
2572,448,0,1,0,1
2573,430,0,1,0,1
2574,435,0,1,0,1
2575,441,0,1,0,1
2576,438,0,1,0,1
2577,2007,0,1,1,1
2578,1987,0,1,1,1
2579,2008,0,1,1,1
2580,2007,0,1,1,1
2581,1993,0,1,1,1
2582,1997,0,1,1,1
2583,2002,0,1,1,1
2584,440,0,1,0,1
2585,438,0,1,0,1
2586,2001,0,1,1,1
2587,1999,0,1,1,1
2588,438,0,1,0,1
2589,484,0,1,0,1
2590,328,0,1,0,1
2591,331,0,1,0,1
2592,330,0,1,0,1
2593,327,0,1,0,1
2594,328,0,1,0,1
2595,152,0,0,0,1
2596,150,0,0,0,1
2597,149,0,0,0,1
2598,151,0,0,0,1
2599,149,0,0,0,1
2600,152,0,0,0,1
2601,150,0,0,0,1
2602,151,0,0,0,1
2603,149,0,0,0,1
2604,152,0,0,0,1
2605,149,0,0,0,1
2606,152,0,0,0,1
2607,147,0,0,0,1
2608,147,0,0,0,1
2609,148,0,0,0,1
2610,150,0,0,0,1
2611,148,0,0,0,1
2612,148,0,0,0,1
2613,152,0,0,0,1
2614,149,0,0,0,1
2615,148,0,0,0,1
2616,152,0,0,0,1
2617,145,0,0,0,1
2618,149,0,0,0,1
2619,147,0,0,0,1
2620,153,0,0,0,1
2621,147,0,0,0,1
2622,149,0,0,0,1
2623,148,0,0,0,1
2624,148,0,0,0,1
2625,148,0,0,0,1
2626,149,0,0,0,1
2627,147,0,0,0,1
2628,149,0,0,0,1
2629,154,0,0,0,1
2630,152,0,0,0,1
2631,154,0,0,0,1
2632,151,0,0,0,1
2633,154,0,0,0,1
2634,150,0,0,0,1
2635,150,0,0,0,1
2636,153,0,0,0,1
2637,149,0,0,0,1
2638,149,0,0,0,1
2639,149,0,0,0,1
2640,150,0,0,0,1
2641,152,0,0,0,1
2642,152,0,0,0,1
2643,148,0,0,0,1
2644,147,0,0,0,1
2645,146,0,0,0,1
2646,146,0,0,0,1
2647,148,0,0,0,1
2648,147,0,0,0,1
2649,146,0,0,0,1
2650,148,0,0,0,1
2651,149,0,0,0,1
2652,146,0,0,0,1
2653,149,0,0,0,1
2654,146,0,0,0,1
2655,150,0,0,0,1
2656,146,0,0,0,1
2657,148,0,0,0,1
2658,150,0,0,0,1
2659,146,0,0,0,1
2660,148,0,0,0,1
2661,148,0,0,0,1
2662,147,0,0,0,1
2663,147,0,0,0,1
2664,146,0,0,0,1
2665,147,0,0,0,1
2666,148,0,0,0,1
2667,146,0,0,0,1
2668,149,0,0,0,1
2669,148,0,0,0,1
2670,149,0,0,0,1
2671,149,0,0,0,1
2672,146,0,0,0,1
2673,149,0,0,0,1
2674,147,0,0,0,1
2675,145,0,0,0,1
2676,146,0,0,0,1
2677,152,0,0,0,1
2678,146,0,0,0,1
2679,144,0,0,0,1
2680,148,0,0,0,1
2681,145,0,0,0,1
2682,145,0,0,0,1
2683,145,0,0,0,1
2684,149,0,0,0,1
2685,147,0,0,0,1
2686,146,0,0,0,1
2687,146,0,0,0,1
2688,145,0,0,0,1
2689,146,0,0,0,1
2690,147,0,0,0,1
2691,145,0,0,0,1
2692,148,0,0,0,1
2693,144,0,0,0,1
2694,146,0,0,0,1
2695,146,0,0,0,1
2696,150,0,0,0,1
2697,146,0,0,0,1
2698,145,0,0,0,1
2699,145,0,0,0,1
2700,149,0,0,0,1
2701,146,0,0,0,1
2702,145,0,0,0,1
2703,146,0,0,0,1
2704,145,0,0,0,1
2705,146,0,0,0,1
2706,148,0,0,0,1
2707,148,0,0,0,1
2708,152,0,0,0,1
2709,148,0,0,0,1
2710,146,0,0,0,1
2711,146,0,0,0,1
2712,148,0,0,0,1
2713,149,0,0,0,1
2714,148,0,0,0,1
2715,145,0,0,0,1
2716,148,0,0,0,1
2717,148,0,0,0,1
2718,148,0,0,0,1
2719,148,0,0,0,1
2720,153,0,0,0,1
2721,147,0,0,0,1
2722,146,0,0,0,1
2723,145,0,0,0,1
2724,146,0,0,0,1
2725,145,0,0,0,1
2726,149,0,0,0,1
2727,150,0,0,0,1
2728,146,0,0,0,1
2729,147,0,0,0,1
2730,149,0,0,0,1
2731,148,0,0,0,1
2732,150,0,0,0,1
2733,146,0,0,0,1
2734,148,0,0,0,1
2735,146,0,0,0,1
2736,150,0,0,0,1
2737,148,0,0,0,1
2738,146,0,0,0,1
2739,148,0,0,0,1
2740,145,0,0,0,1
2741,145,0,0,0,1
2742,147,0,0,0,1
2743,144,0,0,0,1
2744,147,0,0,0,1
2745,146,0,0,0,1
2746,146,0,0,0,1
2747,144,0,0,0,1
2748,144,0,0,0,1
2749,143,0,0,0,1
2750,144,0,0,0,1
2751,145,0,0,0,1
2752,145,0,0,0,1
2753,144,0,0,0,1
2754,142,0,0,0,1
2755,142,0,0,0,1
2756,145,0,0,0,1
2757,146,0,0,0,1
2758,146,0,0,0,1
2759,143,0,0,0,1
2760,143,0,0,0,1
2761,145,0,0,0,1
2762,143,0,0,0,1
2763,142,0,0,0,1
2764,141,0,0,0,1
2765,143,0,0,0,1
2766,141,0,0,0,1
2767,143,0,0,0,1
2768,142,0,0,0,1
2769,147,0,0,0,1
2770,141,0,0,0,1
2771,144,0,0,0,1
2772,141,0,0,0,1
2773,140,0,0,0,1
2774,140,0,0,0,1
2775,140,0,0,0,1
2776,140,0,0,0,1
2777,140,0,0,0,1
2778,142,0,0,0,1
2779,143,0,0,0,1
2780,140,0,0,0,1
2781,143,0,0,0,1
2782,140,0,0,0,1
2783,142,0,0,0,1
2784,142,0,0,0,1
2785,139,0,0,0,1
2786,139,0,0,0,1
2787,142,0,0,0,1
2788,140,0,0,0,1
2789,140,0,0,0,1
2790,139,0,0,0,1
2791,141,0,0,0,1
2792,140,0,0,0,1
2793,142,0,0,0,1
2794,139,0,0,0,1
2795,142,0,0,0,1
2796,140,0,0,0,1
2797,139,0,0,0,1
2798,141,0,0,0,1
2799,141,0,0,0,1
2800,140,0,0,0,1
2801,140,0,0,0,1
2802,139,0,0,0,1
2803,139,0,0,0,1
2804,139,0,0,0,1
2805,138,0,0,0,1
2806,143,0,0,0,1
2807,142,0,0,0,1
2808,140,0,0,0,1
2809,143,0,0,0,1
2810,140,0,0,0,1
2811,140,0,0,0,1
2812,139,0,0,0,1
2813,139,0,0,0,1
2814,142,0,0,0,1
2815,141,0,0,0,1
2816,139,0,0,0,1
2817,139,0,0,0,1
2818,142,0,0,0,1
2819,141,0,0,0,1
2820,146,0,0,0,1
2821,146,0,0,0,1
2822,371,0,1,0,1
2823,370,0,1,0,1
2824,344,0,1,0,1
2825,343,0,1,0,1
2826,346,0,1,0,1
2827,341,0,1,0,1
2828,337,0,1,0,1
2829,334,0,1,0,1
2830,335,0,1,0,1
2831,336,0,1,0,1
2832,332,0,1,0,1
2833,336,0,1,0,1
2834,335,0,1,0,1
2835,332,0,1,0,1
2836,329,0,1,0,1
2837,330,0,1,0,1
2838,325,0,1,0,1
2839,327,0,1,0,1
2840,326,0,1,0,1
2841,325,0,1,0,1
2842,323,0,1,0,1
2843,323,0,1,0,1
2844,325,0,1,0,1
2845,328,0,1,0,1
2846,327,0,1,0,1
2847,326,0,1,0,1
2848,322,0,1,0,1
2849,324,0,1,0,1
2850,323,0,1,0,1
2851,323,0,1,0,1
2852,325,0,1,0,1
2853,324,0,1,0,1
2854,321,0,1,0,1
2855,320,0,1,0,1
2856,319,0,1,0,1
2857,326,0,1,0,1
2858,318,0,1,0,1
2859,319,0,1,0,1
2860,320,0,1,0,1
2861,320,0,1,0,1
2862,327,0,1,0,1
2863,319,0,1,0,1
2864,319,0,1,0,1
2865,321,0,1,0,1
2866,317,0,1,0,1
2867,319,0,1,0,1
2868,317,0,1,0,1
2869,318,0,1,0,1
2870,318,0,1,0,1
2871,315,0,1,0,1
2872,316,0,1,0,1
2873,320,0,1,0,1
2874,315,0,1,0,1
2875,312,0,1,0,1
2876,317,0,1,0,1
2877,136,0,0,0,1
2878,137,0,0,0,1
2879,136,0,0,0,1
2880,138,0,0,0,1
2881,136,0,0,0,1
2882,137,0,0,0,1
2883,140,0,0,0,1
2884,140,0,0,0,1
2885,135,0,0,0,1
2886,136,0,0,0,1
2887,136,0,0,0,1
2888,136,0,0,0,1
2889,136,0,0,0,1
2890,136,0,0,0,1
2891,136,0,0,0,1
2892,135,0,0,0,1
2893,139,0,0,0,1
2894,138,0,0,0,1
2895,137,0,0,0,1
2896,136,0,0,0,1
2897,138,0,0,0,1
2898,137,0,0,0,1
2899,136,0,0,0,1
2900,134,0,0,0,1
2901,139,0,0,0,1
2902,136,0,0,0,1
2903,136,0,0,0,1
2904,138,0,0,0,1
2905,137,0,0,0,1
2906,135,0,0,0,1
2907,139,0,0,0,1
2908,135,0,0,0,1
2909,138,0,0,0,1
2910,136,0,0,0,1
2911,135,0,0,0,1
2912,134,0,0,0,1
2913,135,0,0,0,1
2914,136,0,0,0,1
2915,139,0,0,0,1
2916,135,0,0,0,1
2917,136,0,0,0,1
2918,135,0,0,0,1
2919,138,0,0,0,1
2920,135,0,0,0,1
2921,137,0,0,0,1
2922,139,0,0,0,1
2923,139,0,0,0,1
2924,135,0,0,0,1
2925,136,0,0,0,1
2926,136,0,0,0,1
2927,136,0,0,0,1
2928,135,0,0,0,1
2929,135,0,0,0,1
2930,134,0,0,0,1
2931,137,0,0,0,1
2932,139,0,0,0,1
2933,135,0,0,0,1
2934,135,0,0,0,1
2935,139,0,0,0,1
2936,138,0,0,0,1
2937,135,0,0,0,1
2938,135,0,0,0,1
2939,135,0,0,0,1
2940,136,0,0,0,1
2941,135,0,0,0,1
2942,136,0,0,0,1
2943,137,0,0,0,1
2944,137,0,0,0,1
2945,139,0,0,0,1
2946,141,0,0,0,1
2947,138,0,0,0,1
2948,137,0,0,0,1
2949,134,0,0,0,1
2950,135,0,0,0,1
2951,133,0,0,0,1
2952,135,0,0,0,1
2953,135,0,0,0,1
2954,134,0,0,0,1
2955,136,0,0,0,1
2956,138,0,0,0,1
2957,137,0,0,0,1
2958,137,0,0,0,1
2959,139,0,0,0,1
2960,135,0,0,0,1
2961,138,0,0,0,1
2962,136,0,0,0,1
2963,138,0,0,0,1
2964,134,0,0,0,1
2965,135,0,0,0,1
2966,135,0,0,0,1
2967,136,0,0,0,1
2968,137,0,0,0,1
2969,136,0,0,0,1
2970,134,0,0,0,1
2971,139,0,0,0,1
2972,138,0,0,0,1
2973,137,0,0,0,1
2974,140,0,0,0,1
2975,138,0,0,0,1
2976,134,0,0,0,1
2977,136,0,0,0,1
2978,134,0,0,0,1
2979,135,0,0,0,1
2980,134,0,0,0,1
2981,136,0,0,0,1
2982,138,0,0,0,1
2983,136,0,0,0,1
2984,137,0,0,0,1
2985,135,0,0,0,1
2986,139,0,0,0,1
2987,136,0,0,0,1
2988,134,0,0,0,1
2989,135,0,0,0,1
2990,135,0,0,0,1
2991,135,0,0,0,1
2992,135,0,0,0,1
2993,135,0,0,0,1
2994,138,0,0,0,1
2995,135,0,0,0,1
2996,138,0,0,0,1
2997,134,0,0,0,1
2998,138,0,0,0,1
2999,134,0,0,0,1
3000,134,0,0,0,1
3001,135,0,0,0,1
3002,137,0,0,0,1
3003,139,0,0,0,1
3004,135,0,0,0,1
3005,137,0,0,0,1
3006,134,0,0,0,1
3007,135,0,0,0,1
3008,134,0,0,0,1
3009,146,0,0,0,1
3010,142,0,0,0,1
3011,138,0,0,0,1
3012,137,0,0,0,1
3013,138,0,0,0,1
3014,139,0,0,0,1
3015,137,0,0,0,1
3016,137,0,0,0,1
3017,138,0,0,0,1
3018,141,0,0,0,1
3019,138,0,0,0,1
3020,142,0,0,0,1
3021,140,0,0,0,1
3022,140,0,0,0,1
3023,142,0,0,0,1
3024,141,0,0,0,1
3025,138,0,0,0,1
3026,134,0,0,0,1
3027,135,0,0,0,1
3028,354,0,1,0,1
3029,350,0,1,0,1
3030,335,0,1,0,1
3031,334,0,1,0,1
3032,329,0,1,0,1
3033,329,0,1,0,1
3034,330,0,1,0,1
3035,329,0,1,0,1
3036,329,0,1,0,1
3037,325,0,1,0,1
3038,326,0,1,0,1
3039,324,0,1,0,1
3040,324,0,1,0,1
3041,331,0,1,0,1
3042,328,0,1,0,1
3043,323,0,1,0,1
3044,325,0,1,0,1
3045,324,0,1,0,1
3046,326,0,1,0,1
3047,325,0,1,0,1
3048,324,0,1,0,1
3049,327,0,1,0,1
3050,325,0,1,0,1
3051,321,0,1,0,1
3052,320,0,1,0,1
3053,324,0,1,0,1
3054,322,0,1,0,1
3055,318,0,1,0,1
3056,320,0,1,0,1
3057,317,0,1,0,1
3058,324,0,1,0,1
3059,317,0,1,0,1
3060,316,0,1,0,1
3061,324,0,1,0,1
3062,318,0,1,0,1
3063,316,0,1,0,1
3064,317,0,1,0,1
3065,318,0,1,0,1
3066,316,0,1,0,1
3067,315,0,1,0,1
3068,315,0,1,0,1
3069,311,0,1,0,1
3070,314,0,1,0,1
3071,314,0,1,0,1
3072,317,0,1,0,1
3073,317,0,1,0,1
3074,318,0,1,0,1
3075,136,0,0,0,1
3076,136,0,0,0,1
3077,133,0,0,0,1
3078,136,0,0,0,1
3079,137,0,0,0,1
3080,136,0,0,0,1
3081,135,0,0,0,1
3082,133,0,0,0,1
3083,138,0,0,0,1
3084,135,0,0,0,1
3085,137,0,0,0,1
3086,137,0,0,0,1
3087,139,0,0,0,1
3088,136,0,0,0,1
3089,136,0,0,0,1
3090,135,0,0,0,1
3091,136,0,0,0,1
3092,136,0,0,0,1
3093,135,0,0,0,1
3094,139,0,0,0,1
3095,137,0,0,0,1
3096,136,0,0,0,1
3097,135,0,0,0,1
3098,136,0,0,0,1
3099,136,0,0,0,1
3100,134,0,0,0,1
3101,134,0,0,0,1
3102,136,0,0,0,1
3103,136,0,0,0,1
3104,134,0,0,0,1
3105,135,0,0,0,1
3106,137,0,0,0,1
3107,134,0,0,0,1
3108,137,0,0,0,1
3109,137,0,0,0,1
3110,140,0,0,0,1
3111,135,0,0,0,1
3112,135,0,0,0,1
3113,136,0,0,0,1
3114,135,0,0,0,1
3115,135,0,0,0,1
3116,140,0,0,0,1
3117,137,0,0,0,1
3118,136,0,0,0,1
3119,134,0,0,0,1
3120,134,0,0,0,1
3121,137,0,0,0,1
3122,138,0,0,0,1
3123,136,0,0,0,1
3124,138,0,0,0,1
3125,134,0,0,0,1
3126,135,0,0,0,1
3127,138,0,0,0,1
3128,136,0,0,0,1
3129,134,0,0,0,1
3130,134,0,0,0,1
3131,134,0,0,0,1
3132,137,0,0,0,1
3133,134,0,0,0,1
3134,135,0,0,0,1
3135,136,0,0,0,1
3136,134,0,0,0,1
3137,136,0,0,0,1
3138,138,0,0,0,1
3139,136,0,0,0,1
3140,135,0,0,0,1
3141,138,0,0,0,1
3142,134,0,0,0,1
3143,135,0,0,0,1
3144,135,0,0,0,1
3145,138,0,0,0,1
3146,135,0,0,0,1
3147,137,0,0,0,1
3148,136,0,0,0,1
3149,138,0,0,0,1
3150,135,0,0,0,1
3151,134,0,0,0,1
3152,134,0,0,0,1
3153,137,0,0,0,1
3154,134,0,0,0,1
3155,140,0,0,0,1
3156,135,0,0,0,1
3157,135,0,0,0,1
3158,135,0,0,0,1
3159,139,0,0,0,1
3160,135,0,0,0,1
3161,138,0,0,0,1
3162,135,0,0,0,1
3163,134,0,0,0,1
3164,134,0,0,0,1
3165,137,0,0,0,1
3166,133,0,0,0,1
3167,135,0,0,0,1
3168,135,0,0,0,1
3169,136,0,0,0,1
3170,138,0,0,0,1
3171,135,0,0,0,1
3172,135,0,0,0,1
3173,140,0,0,0,1
3174,134,0,0,0,1
3175,138,0,0,0,1
3176,140,0,0,0,1
3177,135,0,0,0,1
3178,134,0,0,0,1
3179,136,0,0,0,1
3180,135,0,0,0,1
3181,133,0,0,0,1
3182,134,0,0,0,1
3183,140,0,0,0,1
3184,135,0,0,0,1
3185,136,0,0,0,1
3186,137,0,0,0,1
3187,134,0,0,0,1
3188,135,0,0,0,1
3189,135,0,0,0,1
3190,133,0,0,0,1
3191,134,0,0,0,1
3192,134,0,0,0,1
3193,134,0,0,0,1
3194,134,0,0,0,1
3195,135,0,0,0,1
3196,133,0,0,0,1
3197,138,0,0,0,1
3198,137,0,0,0,1
3199,133,0,0,0,1
3200,137,0,0,0,1
3201,138,0,0,0,1
3202,139,0,0,0,1
3203,138,0,0,0,1
3204,137,0,0,0,1
3205,138,0,0,0,1
3206,137,0,0,0,1
3207,138,0,0,0,1
3208,140,0,0,0,1
3209,140,0,0,0,1
3210,138,0,0,0,1
3211,137,0,0,0,1
3212,141,0,0,0,1
3213,138,0,0,0,1
3214,138,0,0,0,1
3215,138,0,0,0,1
3216,138,0,0,0,1
3217,136,0,0,0,1
3218,134,0,0,0,1
3219,137,0,0,0,1
3220,136,0,0,0,1
3221,136,0,0,0,1
3222,138,0,0,0,1
3223,138,0,0,0,1
3224,135,0,0,0,1
3225,140,0,0,0,1
3226,137,0,0,0,1
3227,135,0,0,0,1
3228,135,0,0,0,1
3229,133,0,0,0,1
3230,134,0,0,0,1
3231,134,0,0,0,1
3232,135,0,0,0,1
3233,135,0,0,0,1
3234,134,0,0,0,1
3235,134,0,0,0,1
3236,138,0,0,0,1
3237,137,0,0,0,1
3238,137,0,0,0,1
3239,134,0,0,0,1
3240,135,0,0,0,1
3241,135,0,0,0,1
3242,135,0,0,0,1
3243,136,0,0,0,1
3244,134,0,0,0,1
3245,135,0,0,0,1
3246,137,0,0,0,1
3247,134,0,0,0,1
3248,137,0,0,0,1
3249,135,0,0,0,1
3250,136,0,0,0,1
3251,138,0,0,0,1
3252,137,0,0,0,1
3253,137,0,0,0,1
3254,134,0,0,0,1
3255,133,0,0,0,1
3256,139,0,0,0,1
3257,135,0,0,0,1
3258,133,0,0,0,1
3259,357,0,1,0,1
3260,349,0,1,0,1
3261,335,0,1,0,1
3262,336,0,1,0,1
3263,336,0,1,0,1
3264,331,0,1,0,1
3265,330,0,1,0,1
3266,331,0,1,0,1
3267,330,0,1,0,1
3268,330,0,1,0,1
3269,328,0,1,0,1
3270,332,0,1,0,1
3271,326,0,1,0,1
3272,325,0,1,0,1
3273,336,0,1,0,1
3274,328,0,1,0,1
3275,331,0,1,0,1
3276,325,0,1,0,1
3277,326,0,1,0,1
3278,322,0,1,0,1
3279,322,0,1,0,1
3280,322,0,1,0,1
3281,324,0,1,0,1
3282,324,0,1,0,1
3283,323,0,1,0,1
3284,322,0,1,0,1
3285,319,0,1,0,1
3286,320,0,1,0,1
3287,322,0,1,0,1
3288,321,0,1,0,1
3289,316,0,1,0,1
3290,317,0,1,0,1
3291,318,0,1,0,1
3292,319,0,1,0,1
3293,318,0,1,0,1
3294,318,0,1,0,1
3295,318,0,1,0,1
3296,320,0,1,0,1
3297,325,0,1,0,1
3298,321,0,1,0,1
3299,321,0,1,0,1
3300,320,0,1,0,1
3301,320,0,1,0,1
3302,321,0,1,0,1
3303,321,0,1,0,1
3304,318,0,1,0,1
3305,316,0,1,0,1
3306,318,0,1,0,1
3307,316,0,1,0,1
3308,137,0,0,0,1
3309,139,0,0,0,1
3310,141,0,0,0,1
3311,139,0,0,0,1
3312,139,0,0,0,1
3313,140,0,0,0,1
3314,138,0,0,0,1
3315,141,0,0,0,1
3316,140,0,0,0,1
3317,146,0,0,0,1
3318,138,0,0,0,1
3319,139,0,0,0,1
3320,140,0,0,0,1
3321,138,0,0,0,1
3322,136,0,0,0,1
3323,136,0,0,0,1
3324,138,0,0,0,1
3325,137,0,0,0,1
3326,147,0,0,0,1
3327,139,0,0,0,1
3328,139,0,0,0,1
3329,139,0,0,0,1
3330,138,0,0,0,1
3331,139,0,0,0,1
3332,138,0,0,0,1
3333,139,0,0,0,1
3334,139,0,0,0,1
3335,137,0,0,0,1
3336,140,0,0,0,1
3337,141,0,0,0,1
3338,140,0,0,0,1
3339,137,0,0,0,1
3340,138,0,0,0,1
3341,137,0,0,0,1
3342,138,0,0,0,1
3343,138,0,0,0,1
3344,140,0,0,0,1
3345,138,0,0,0,1
3346,139,0,0,0,1
3347,136,0,0,0,1
3348,139,0,0,0,1
3349,138,0,0,0,1
3350,139,0,0,0,1
3351,141,0,0,0,1
3352,138,0,0,0,1
3353,140,0,0,0,1
3354,138,0,0,0,1
3355,139,0,0,0,1
3356,140,0,0,0,1
3357,135,0,0,0,1
3358,134,0,0,0,1
3359,135,0,0,0,1
3360,135,0,0,0,1
3361,135,0,0,0,1
3362,138,0,0,0,1
3363,135,0,0,0,1
3364,137,0,0,0,1
3365,136,0,0,0,1
3366,135,0,0,0,1
3367,135,0,0,0,1
3368,138,0,0,0,1
3369,136,0,0,0,1
3370,138,0,0,0,1
3371,138,0,0,0,1
3372,140,0,0,0,1
3373,134,0,0,0,1
3374,135,0,0,0,1
3375,134,0,0,0,1
3376,139,0,0,0,1
3377,135,0,0,0,1
3378,139,0,0,0,1
3379,138,0,0,0,1
3380,133,0,0,0,1
3381,135,0,0,0,1
3382,136,0,0,0,1
3383,136,0,0,0,1
3384,135,0,0,0,1
3385,138,0,0,0,1
3386,136,0,0,0,1
3387,135,0,0,0,1
3388,139,0,0,0,1
3389,137,0,0,0,1
3390,137,0,0,0,1
3391,136,0,0,0,1
3392,139,0,0,0,1
3393,137,0,0,0,1
3394,139,0,0,0,1
3395,140,0,0,0,1
3396,140,0,0,0,1
3397,138,0,0,0,1
3398,141,0,0,0,1
3399,140,0,0,0,1
3400,142,0,0,0,1
3401,139,0,0,0,1
3402,141,0,0,0,1
3403,138,0,0,0,1
3404,137,0,0,0,1
3405,138,0,0,0,1
3406,138,0,0,0,1
3407,138,0,0,0,1
3408,136,0,0,0,1
3409,134,0,0,0,1
3410,135,0,0,0,1
3411,135,0,0,0,1
3412,137,0,0,0,1
3413,133,0,0,0,1
3414,134,0,0,0,1
3415,135,0,0,0,1
3416,137,0,0,0,1
3417,136,0,0,0,1
3418,134,0,0,0,1
3419,133,0,0,0,1
3420,136,0,0,0,1
3421,135,0,0,0,1
3422,135,0,0,0,1
3423,134,0,0,0,1
3424,134,0,0,0,1
3425,135,0,0,0,1
3426,138,0,0,0,1
3427,134,0,0,0,1
3428,135,0,0,0,1
3429,134,0,0,0,1
3430,137,0,0,0,1
3431,134,0,0,0,1
3432,137,0,0,0,1
3433,135,0,0,0,1
3434,135,0,0,0,1
3435,135,0,0,0,1
3436,136,0,0,0,1
3437,136,0,0,0,1
3438,141,0,0,0,1
3439,134,0,0,0,1
3440,141,0,0,0,1
3441,134,0,0,0,1
3442,136,0,0,0,1
3443,135,0,0,0,1
3444,135,0,0,0,1
3445,136,0,0,0,1
3446,135,0,0,0,1
3447,134,0,0,0,1
3448,135,0,0,0,1
3449,136,0,0,0,1
3450,137,0,0,0,1
3451,138,0,0,0,1
3452,136,0,0,0,1
3453,136,0,0,0,1
3454,136,0,0,0,1
3455,352,0,1,0,1
3456,355,0,1,0,1
3457,333,0,1,0,1
3458,330,0,1,0,1
3459,328,0,1,0,1
3460,329,0,1,0,1
3461,330,0,1,0,1
3462,326,0,1,0,1
3463,326,0,1,0,1
3464,329,0,1,0,1
3465,327,0,1,0,1
3466,328,0,1,0,1
3467,329,0,1,0,1
3468,324,0,1,0,1
3469,321,0,1,0,1
3470,322,0,1,0,1
3471,325,0,1,0,1
3472,323,0,1,0,1
3473,323,0,1,0,1
3474,323,0,1,0,1
3475,322,0,1,0,1
3476,323,0,1,0,1
3477,323,0,1,0,1
3478,324,0,1,0,1
3479,321,0,1,0,1
3480,320,0,1,0,1
3481,318,0,1,0,1
3482,321,0,1,0,1
3483,319,0,1,0,1
3484,317,0,1,0,1
3485,318,0,1,0,1
3486,320,0,1,0,1
3487,317,0,1,0,1
3488,317,0,1,0,1
3489,320,0,1,0,1
3490,315,0,1,0,1
3491,317,0,1,0,1
3492,316,0,1,0,1
3493,317,0,1,0,1
3494,317,0,1,0,1
3495,314,0,1,0,1
3496,312,0,1,0,1
3497,317,0,1,0,1
3498,313,0,1,0,1
3499,134,0,0,0,1
3500,136,0,0,0,1
3501,138,0,0,0,1
3502,136,0,0,0,1
3503,138,0,0,0,1
3504,135,0,0,0,1
3505,133,0,0,0,1
3506,134,0,0,0,1
3507,137,0,0,0,1
3508,135,0,0,0,1
3509,135,0,0,0,1
3510,135,0,0,0,1
3511,136,0,0,0,1
3512,137,0,0,0,1
3513,138,0,0,0,1
3514,137,0,0,0,1
3515,134,0,0,0,1
3516,137,0,0,0,1
3517,134,0,0,0,1
3518,134,0,0,0,1
3519,134,0,0,0,1
3520,136,0,0,0,1
3521,134,0,0,0,1
3522,134,0,0,0,1
3523,135,0,0,0,1
3524,135,0,0,0,1
3525,136,0,0,0,1
3526,135,0,0,0,1
3527,138,0,0,0,1
3528,136,0,0,0,1
3529,134,0,0,0,1
3530,135,0,0,0,1
3531,133,0,0,0,1
3532,133,0,0,0,1
3533,139,0,0,0,1
3534,138,0,0,0,1
3535,137,0,0,0,1
3536,138,0,0,0,1
3537,138,0,0,0,1
3538,137,0,0,0,1
3539,138,0,0,0,1
3540,136,0,0,0,1
3541,139,0,0,0,1
3542,138,0,0,0,1
3543,137,0,0,0,1
3544,135,0,0,0,1
3545,135,0,0,0,1
3546,134,0,0,0,1
3547,136,0,0,0,1
3548,135,0,0,0,1
3549,134,0,0,0,1
3550,135,0,0,0,1
3551,136,0,0,0,1
3552,139,0,0,0,1
3553,136,0,0,0,1
3554,135,0,0,0,1
3555,134,0,0,0,1
3556,136,0,0,0,1
3557,135,0,0,0,1
3558,135,0,0,0,1
3559,137,0,0,0,1
3560,138,0,0,0,1
3561,138,0,0,0,1
3562,136,0,0,0,1
3563,134,0,0,0,1
3564,138,0,0,0,1
3565,135,0,0,0,1
3566,138,0,0,0,1
3567,136,0,0,0,1
3568,137,0,0,0,1
3569,136,0,0,0,1
3570,135,0,0,0,1
3571,137,0,0,0,1
3572,134,0,0,0,1
3573,134,0,0,0,1
3574,135,0,0,0,1
3575,136,0,0,0,1
3576,134,0,0,0,1
3577,139,0,0,0,1
3578,136,0,0,0,1
3579,138,0,0,0,1
3580,134,0,0,0,1
3581,135,0,0,0,1
3582,135,0,0,0,1
3583,139,0,0,0,1
3584,138,0,0,0,1
3585,138,0,0,0,1
3586,141,0,0,0,1
3587,138,0,0,0,1
3588,140,0,0,0,1
3589,139,0,0,0,1
3590,137,0,0,0,1
3591,140,0,0,0,1
3592,140,0,0,0,1
3593,138,0,0,0,1
3594,137,0,0,0,1
3595,137,0,0,0,1
3596,137,0,0,0,1
3597,137,0,0,0,1
3598,138,0,0,0,1
3599,133,0,0,0,1
3600,136,0,0,0,1
3601,137,0,0,0,1
3602,138,0,0,0,1
3603,135,0,0,0,1
3604,136,0,0,0,1
3605,146,0,0,0,1
3606,136,0,0,0,1
3607,135,0,0,0,1
3608,135,0,0,0,1
3609,136,0,0,0,1
3610,135,0,0,0,1
3611,137,0,0,0,1
3612,139,0,0,0,1
3613,134,0,0,0,1
3614,135,0,0,0,1
3615,136,0,0,0,1
3616,140,0,0,0,1
3617,143,0,0,0,1
3618,135,0,0,0,1
3619,133,0,0,0,1
3620,133,0,0,0,1
3621,135,0,0,0,1
3622,136,0,0,0,1
3623,135,0,0,0,1
3624,137,0,0,0,1
3625,135,0,0,0,1
3626,134,0,0,0,1
3627,137,0,0,0,1
3628,137,0,0,0,1
3629,138,0,0,0,1
3630,138,0,0,0,1
3631,135,0,0,0,1
3632,134,0,0,0,1
3633,138,0,0,0,1
3634,137,0,0,0,1
3635,135,0,0,0,1
3636,135,0,0,0,1
3637,134,0,0,0,1
3638,135,0,0,0,1
3639,137,0,0,0,1
3640,137,0,0,0,1
3641,135,0,0,0,1
3642,135,0,0,0,1
3643,137,0,0,0,1
3644,137,0,0,0,1
3645,137,0,0,0,1
3646,135,0,0,0,1
3647,134,0,0,0,1
3648,137,0,0,0,1
3649,136,0,0,0,1
3650,136,0,0,0,1
3651,134,0,0,0,1
3652,138,0,0,0,1
3653,138,0,0,0,1
3654,137,0,0,0,1
3655,133,0,0,0,1
3656,135,0,0,0,1
3657,138,0,0,0,1
3658,137,0,0,0,1
3659,135,0,0,0,1
3660,140,0,0,0,1
3661,138,0,0,0,1
3662,134,0,0,0,1
3663,134,0,0,0,1
3664,138,0,0,0,1
3665,139,0,0,0,1
3666,136,0,0,0,1
3667,138,0,0,0,1
3668,139,0,0,0,1
3669,135,0,0,0,1
3670,135,0,0,0,1
3671,135,0,0,0,1
3672,136,0,0,0,1
3673,136,0,0,0,1
3674,136,0,0,0,1
3675,135,0,0,0,1
3676,136,0,0,0,1
3677,138,0,0,0,1
3678,137,0,0,0,1
3679,137,0,0,0,1
3680,133,0,0,0,1
3681,361,0,1,0,1
3682,341,0,1,0,1
3683,336,0,1,0,1
3684,333,0,1,0,1
3685,330,0,1,0,1
3686,332,0,1,0,1
3687,329,0,1,0,1
3688,327,0,1,0,1
3689,330,0,1,0,1
3690,328,0,1,0,1
3691,326,0,1,0,1
3692,326,0,1,0,1
3693,325,0,1,0,1
3694,327,0,1,0,1
3695,323,0,1,0,1
3696,324,0,1,0,1
3697,320,0,1,0,1
3698,323,0,1,0,1
3699,328,0,1,0,1
3700,322,0,1,0,1
3701,325,0,1,0,1
3702,322,0,1,0,1
3703,322,0,1,0,1
3704,318,0,1,0,1
3705,322,0,1,0,1
3706,320,0,1,0,1
3707,323,0,1,0,1
3708,319,0,1,0,1
3709,319,0,1,0,1
3710,320,0,1,0,1
3711,320,0,1,0,1
3712,319,0,1,0,1
3713,322,0,1,0,1
3714,316,0,1,0,1
3715,321,0,1,0,1
3716,319,0,1,0,1
3717,321,0,1,0,1
3718,319,0,1,0,1
3719,321,0,1,0,1
3720,317,0,1,0,1
3721,318,0,1,0,1
3722,317,0,1,0,1
3723,319,0,1,0,1
3724,321,0,1,0,1
3725,316,0,1,0,1
3726,320,0,1,0,1
3727,137,0,0,0,1
3728,139,0,0,0,1
3729,139,0,0,0,1
3730,145,0,0,0,1
3731,136,0,0,0,1
3732,140,0,0,0,1
3733,136,0,0,0,1
3734,135,0,0,0,1
3735,135,0,0,0,1
3736,135,0,0,0,1
3737,134,0,0,0,1
3738,140,0,0,0,1
3739,137,0,0,0,1
3740,134,0,0,0,1
3741,135,0,0,0,1
3742,139,0,0,0,1
3743,137,0,0,0,1
3744,140,0,0,0,1
3745,137,0,0,0,1
3746,139,0,0,0,1
3747,135,0,0,0,1
3748,135,0,0,0,1
3749,134,0,0,0,1
3750,135,0,0,0,1
3751,137,0,0,0,1
3752,135,0,0,0,1
3753,136,0,0,0,1
3754,138,0,0,0,1
3755,133,0,0,0,1
3756,133,0,0,0,1
3757,135,0,0,0,1
3758,135,0,0,0,1
3759,134,0,0,0,1
3760,136,0,0,0,1
3761,135,0,0,0,1
3762,135,0,0,0,1
3763,137,0,0,0,1
3764,134,0,0,0,1
3765,134,0,0,0,1
3766,135,0,0,0,1
3767,135,0,0,0,1
3768,134,0,0,0,1
3769,137,0,0,0,1
3770,136,0,0,0,1
3771,137,0,0,0,1
3772,135,0,0,0,1
3773,134,0,0,0,1
3774,136,0,0,0,1
3775,136,0,0,0,1
3776,137,0,0,0,1
3777,139,0,0,0,1
3778,138,0,0,0,1
3779,142,0,0,0,1
3780,138,0,0,0,1
3781,137,0,0,0,1
3782,140,0,0,0,1
3783,138,0,0,0,1
3784,141,0,0,0,1
3785,137,0,0,0,1
3786,137,0,0,0,1
3787,137,0,0,0,1
3788,139,0,0,0,1
3789,140,0,0,0,1
3790,137,0,0,0,1
3791,136,0,0,0,1
3792,137,0,0,0,1
3793,134,0,0,0,1
3794,136,0,0,0,1
3795,137,0,0,0,1
3796,136,0,0,0,1
3797,136,0,0,0,1
3798,134,0,0,0,1
3799,133,0,0,0,1
3800,138,0,0,0,1
3801,138,0,0,0,1
3802,135,0,0,0,1
3803,135,0,0,0,1
3804,138,0,0,0,1
3805,134,0,0,0,1
3806,139,0,0,0,1
3807,138,0,0,0,1
3808,136,0,0,0,1
3809,134,0,0,0,1
3810,135,0,0,0,1
3811,134,0,0,0,1
3812,135,0,0,0,1
3813,137,0,0,0,1
3814,137,0,0,0,1
3815,134,0,0,0,1
3816,135,0,0,0,1
3817,135,0,0,0,1
3818,138,0,0,0,1
3819,135,0,0,0,1
3820,137,0,0,0,1
3821,136,0,0,0,1
3822,134,0,0,0,1
3823,138,0,0,0,1
3824,135,0,0,0,1
3825,138,0,0,0,1
3826,135,0,0,0,1
3827,135,0,0,0,1
3828,135,0,0,0,1
3829,138,0,0,0,1
3830,138,0,0,0,1
3831,140,0,0,0,1
3832,134,0,0,0,1
3833,134,0,0,0,1
3834,135,0,0,0,1
3835,136,0,0,0,1
3836,136,0,0,0,1
3837,135,0,0,0,1
3838,135,0,0,0,1
3839,136,0,0,0,1
3840,137,0,0,0,1
3841,137,0,0,0,1
3842,136,0,0,0,1
3843,138,0,0,0,1
3844,136,0,0,0,1
3845,136,0,0,0,1
3846,139,0,0,0,1
3847,135,0,0,0,1
3848,135,0,0,0,1
3849,136,0,0,0,1
3850,137,0,0,0,1
3851,136,0,0,0,1
3852,136,0,0,0,1
3853,138,0,0,0,1
3854,134,0,0,0,1
3855,134,0,0,0,1
3856,135,0,0,0,1
3857,139,0,0,0,1
3858,140,0,0,0,1
3859,136,0,0,0,1
3860,135,0,0,0,1
3861,137,0,0,0,1
3862,137,0,0,0,1
3863,134,0,0,0,1
3864,134,0,0,0,1
3865,135,0,0,0,1
3866,134,0,0,0,1
3867,135,0,0,0,1
3868,137,0,0,0,1
3869,134,0,0,0,1
3870,135,0,0,0,1
3871,137,0,0,0,1
3872,133,0,0,0,1
3873,136,0,0,0,1
3874,135,0,0,0,1
3875,135,0,0,0,1
3876,134,0,0,0,1
3877,362,0,1,0,1
3878,343,0,1,0,1
3879,338,0,1,0,1
3880,330,0,1,0,1
3881,331,0,1,0,1
3882,325,0,1,0,1
3883,329,0,1,0,1
3884,328,0,1,0,1
3885,328,0,1,0,1
3886,328,0,1,0,1
3887,322,0,1,0,1
3888,325,0,1,0,1
3889,322,0,1,0,1
3890,325,0,1,0,1
3891,323,0,1,0,1
3892,321,0,1,0,1
3893,324,0,1,0,1
3894,320,0,1,0,1
3895,326,0,1,0,1
3896,324,0,1,0,1
3897,319,0,1,0,1
3898,320,0,1,0,1
3899,321,0,1,0,1
3900,319,0,1,0,1
3901,320,0,1,0,1
3902,320,0,1,0,1
3903,318,0,1,0,1
3904,319,0,1,0,1
3905,318,0,1,0,1
3906,320,0,1,0,1
3907,316,0,1,0,1
3908,316,0,1,0,1
3909,315,0,1,0,1
3910,318,0,1,0,1
3911,317,0,1,0,1
3912,315,0,1,0,1
3913,321,0,1,0,1
3914,318,0,1,0,1
3915,313,0,1,0,1
3916,315,0,1,0,1
3917,318,0,1,0,1
3918,318,0,1,0,1
3919,315,0,1,0,1
3920,135,0,0,0,1
3921,137,0,0,0,1
3922,134,0,0,0,1
3923,135,0,0,0,1
3924,136,0,0,0,1
3925,133,0,0,0,1
3926,133,0,0,0,1
3927,133,0,0,0,1
3928,136,0,0,0,1
3929,133,0,0,0,1
3930,133,0,0,0,1
3931,134,0,0,0,1
3932,136,0,0,0,1
3933,139,0,0,0,1
3934,136,0,0,0,1
3935,136,0,0,0,1
3936,134,0,0,0,1
3937,135,0,0,0,1
3938,135,0,0,0,1
3939,134,0,0,0,1
3940,135,0,0,0,1
3941,135,0,0,0,1
3942,135,0,0,0,1
3943,137,0,0,0,1
3944,135,0,0,0,1
3945,138,0,0,0,1
3946,134,0,0,0,1
3947,135,0,0,0,1
3948,133,0,0,0,1
3949,133,0,0,0,1
3950,140,0,0,0,1
3951,132,0,0,0,1
3952,137,0,0,0,1
3953,133,0,0,0,1
3954,134,0,0,0,1
3955,137,0,0,0,1
3956,134,0,0,0,1
3957,135,0,0,0,1
3958,135,0,0,0,1
3959,138,0,0,0,1
3960,134,0,0,0,1
3961,136,0,0,0,1
3962,133,0,0,0,1
3963,134,0,0,0,1
3964,136,0,0,0,1
3965,134,0,0,0,1
3966,138,0,0,0,1
3967,142,0,0,0,1
3968,138,0,0,0,1
3969,138,0,0,0,1
3970,138,0,0,0,1
3971,141,0,0,0,1
3972,135,0,0,0,1
3973,141,0,0,0,1
3974,139,0,0,0,1
3975,136,0,0,0,1
3976,138,0,0,0,1
3977,137,0,0,0,1
3978,139,0,0,0,1
3979,136,0,0,0,1
3980,139,0,0,0,1
3981,139,0,0,0,1
3982,135,0,0,0,1
3983,135,0,0,0,1
3984,137,0,0,0,1
3985,133,0,0,0,1
3986,137,0,0,0,1
3987,137,0,0,0,1
3988,134,0,0,0,1
3989,218,0,0,0,1
3990,218,0,0,0,1
3991,217,0,0,0,1
3992,216,0,0,0,1
3993,217,0,0,0,1
3994,221,0,0,0,1
3995,227,0,0,0,1
3996,219,0,0,0,1
3997,221,0,0,0,1
3998,216,0,0,0,1
3999,218,0,0,0,1
4000,219,0,0,0,1
4001,219,0,0,0,1
4002,219,0,0,0,1
4003,216,0,0,0,1
4004,136,0,0,0,1
4005,137,0,0,0,1
4006,135,0,0,0,1
4007,134,0,0,0,1
4008,138,0,0,0,1
4009,136,0,0,0,1
4010,138,0,0,0,1
4011,135,0,0,0,1
4012,136,0,0,0,1
4013,142,0,0,0,1
4014,144,0,0,0,1
4015,147,0,0,0,1
4016,145,0,0,0,1
4017,144,0,0,0,1
4018,143,0,0,0,1
4019,144,0,0,0,1
4020,146,0,0,0,1
4021,147,0,0,0,1
4022,148,0,0,0,1
4023,143,0,0,0,1
4024,143,0,0,0,1
4025,143,0,0,0,1
4026,143,0,0,0,1
4027,142,0,0,0,1
4028,142,0,0,0,1
4029,142,0,0,0,1
4030,142,0,0,0,1
4031,143,0,0,0,1
4032,146,0,0,0,1
4033,137,0,0,0,1
4034,135,0,0,0,1
4035,134,0,0,0,1
4036,134,0,0,0,1
4037,133,0,0,0,1
4038,134,0,0,0,1
4039,134,0,0,0,1
4040,136,0,0,0,1
4041,132,0,0,0,1
4042,133,0,0,0,1
4043,133,0,0,0,1
4044,139,0,0,0,1
4045,135,0,0,0,1
4046,135,0,0,0,1
4047,133,0,0,0,1
4048,134,0,0,0,1
4049,136,0,0,0,1
4050,136,0,0,0,1
4051,134,0,0,0,1
4052,135,0,0,0,1
4053,135,0,0,0,1
4054,137,0,0,0,1
4055,136,0,0,0,1
4056,132,0,0,0,1
4057,136,0,0,0,1
4058,132,0,0,0,1
4059,136,0,0,0,1
4060,137,0,0,0,1
4061,134,0,0,0,1
4062,133,0,0,0,1
4063,134,0,0,0,1
4064,136,0,0,0,1
4065,133,0,0,0,1
4066,131,0,0,0,1
4067,132,0,0,0,1
4068,343,0,0,0,1
4069,345,0,0,0,1
4070,341,0,0,0,1
4071,343,0,0,0,1
4072,341,0,0,0,1
4073,340,0,0,0,1
4074,340,0,0,0,1
4075,338,0,0,0,1
4076,341,0,0,0,1
4077,337,0,0,0,1
4078,340,0,0,0,1
4079,338,0,0,0,1
4080,339,0,0,0,1
4081,344,0,0,0,1
4082,562,0,1,0,1
4083,560,0,1,0,1
4084,544,0,1,0,1
4085,539,0,1,0,1
4086,539,0,1,0,1
4087,537,0,1,0,1
4088,535,0,1,0,1
4089,534,0,1,0,1
4090,535,0,1,0,1
4091,531,0,1,0,1
4092,531,0,1,0,1
4093,530,0,1,0,1
4094,528,0,1,0,1
4095,526,0,1,0,1
4096,530,0,1,0,1
4097,526,0,1,0,1
4098,532,0,1,0,1
4099,525,0,1,0,1
4100,529,0,1,0,1
4101,524,0,1,0,1
4102,528,0,1,0,1
4103,526,0,1,0,1
4104,520,0,1,0,1
4105,524,0,1,0,1
4106,525,0,1,0,1
4107,524,0,1,0,1
4108,522,0,1,0,1
4109,525,0,1,0,1
4110,519,0,1,0,1
4111,603,0,1,0,1
4112,609,0,1,0,1
4113,608,0,1,0,1
4114,662,0,1,0,1
4115,675,0,1,0,1
4116,1753,0,1,1,1
4117,1746,0,1,1,1
4118,1745,0,1,1,1
4119,1730,0,1,1,1
4120,1744,0,1,1,1
4121,1744,0,1,1,1
4122,1768,0,1,1,1
4123,1773,0,1,1,1
4124,1764,0,1,1,1
4125,1738,0,1,1,1
4126,1745,0,1,1,1
4127,1751,0,1,1,1
4128,1749,0,1,1,1
4129,1753,0,1,1,1
4130,1742,0,1,1,1
4131,695,0,1,0,1
4132,689,0,1,0,1
4133,697,0,1,0,1
4134,696,0,1,0,1
4135,696,0,1,0,1
4136,511,0,0,0,1
4137,507,0,0,0,1
4138,503,0,0,0,1
4139,512,0,0,0,1
4140,510,0,0,0,1
4141,508,0,0,0,1
4142,513,0,0,0,1
4143,501,0,0,0,1
4144,503,0,0,0,1
4145,503,0,0,0,1
4146,514,0,0,0,1
4147,506,0,0,0,1
4148,487,0,0,0,1
4149,482,0,0,0,1
4150,485,0,0,0,1
4151,486,0,0,0,1
4152,482,0,0,0,1
4153,482,0,0,0,1
4154,486,0,0,0,1
4155,484,0,0,0,1
4156,488,0,0,0,1
4157,491,0,0,0,1
4158,490,0,0,0,1
4159,481,0,0,0,1
4160,493,0,0,0,1
4161,491,0,0,0,1
4162,489,0,0,0,1
4163,489,0,0,0,1
4164,483,0,0,0,1
4165,488,0,0,0,1
4166,490,0,0,0,1
4167,492,0,0,0,1
4168,486,0,0,0,1
4169,491,0,0,0,1
4170,487,0,0,0,1
4171,236,0,0,0,1
4172,230,0,0,0,1
4173,231,0,0,0,1
4174,228,0,0,0,1
4175,228,0,0,0,1
4176,236,0,0,0,1
4177,239,0,0,0,1
4178,243,0,0,0,1
4179,242,0,0,0,1
4180,243,0,0,0,1
4181,241,0,0,0,1
4182,222,0,0,0,1
4183,230,0,0,0,1
4184,272,0,0,0,1
4185,236,0,0,0,1
4186,217,0,0,0,1
4187,223,0,0,0,1
4188,227,0,0,0,1
4189,220,0,0,0,1
4190,234,0,0,0,1
4191,229,0,0,0,1
4192,226,0,0,0,1
4193,226,0,0,0,1
4194,227,0,0,0,1
4195,226,0,0,0,1
4196,231,0,0,0,1
4197,230,0,0,0,1
4198,224,0,0,0,1
4199,227,0,0,0,1
4200,225,0,0,0,1
4201,226,0,0,0,1
4202,225,0,0,0,1
4203,226,0,0,0,1
4204,228,0,0,0,1
4205,223,0,0,0,1
4206,226,0,0,0,1
4207,176,0,0,0,1
4208,182,0,0,0,1
4209,173,0,0,0,1
4210,194,0,0,0,1
4211,186,0,0,0,1
4212,184,0,0,0,1
4213,184,0,0,0,1
4214,182,0,0,0,1
4215,183,0,0,0,1
4216,184,0,0,0,1
4217,184,0,0,0,1
4218,182,0,0,0,1
4219,184,0,0,0,1
4220,185,0,0,0,1
4221,185,0,0,0,1
4222,182,0,0,0,1
4223,181,0,0,0,1
4224,182,0,0,0,1
4225,181,0,0,0,1
4226,183,0,0,0,1
4227,181,0,0,0,1
4228,181,0,0,0,1
4229,182,0,0,0,1
4230,603,0,0,0,1
4231,1792,0,0,0,1
4232,1794,0,0,0,1
4233,1795,0,0,0,1
4234,1804,0,0,0,1
4235,1797,0,0,0,1
4236,1794,0,0,0,1
4237,1798,0,0,0,1
4238,1797,0,0,0,1
4239,1796,0,0,0,1
4240,1797,0,0,0,1
4241,1798,0,0,0,1
4242,1801,0,0,0,1
4243,1801,0,0,0,1
4244,1800,0,0,0,1
4245,1802,0,0,0,1
4246,183,0,0,0,1
4247,180,0,0,0,1
4248,184,0,0,0,1
4249,181,0,0,0,1
4250,179,0,0,0,1
4251,182,0,0,0,1
4252,180,0,0,0,1
4253,178,0,0,0,1
4254,183,0,0,0,1
4255,179,0,0,0,1
4256,179,0,0,0,1
4257,180,0,0,0,1
4258,181,0,0,0,1
4259,179,0,0,0,1
4260,179,0,0,0,1
4261,180,0,0,0,1
4262,178,0,0,0,1
4263,180,0,0,0,1
4264,176,0,0,0,1
4265,178,0,0,0,1
4266,179,0,0,0,1
4267,179,0,0,0,1
4268,177,0,0,0,1
4269,180,0,0,0,1
4270,179,0,0,0,1
4271,179,0,0,0,1
4272,182,0,0,0,1
4273,179,0,0,0,1
4274,183,0,0,0,1
4275,179,0,0,0,1
4276,179,0,0,0,1
4277,178,0,0,0,1
4278,181,0,0,0,1
4279,178,0,0,0,1
4280,178,0,0,0,1
4281,182,0,0,0,1
4282,178,0,0,0,1
4283,179,0,0,0,1
4284,179,0,0,0,1
4285,180,0,0,0,1
4286,179,0,0,0,1
4287,179,0,0,0,1
4288,180,0,0,0,1
4289,177,0,0,0,1
4290,181,0,0,0,1
4291,178,0,0,0,1
4292,178,0,0,0,1
4293,179,0,0,0,1
4294,180,0,0,0,1
4295,180,0,0,0,1
4296,177,0,0,0,1
4297,180,0,0,0,1
4298,178,0,0,0,1
4299,178,0,0,0,1
4300,178,0,0,0,1
4301,178,0,0,0,1
4302,178,0,0,0,1
4303,177,0,0,0,1
4304,180,0,0,0,1
4305,179,0,0,0,1
4306,176,0,0,0,1
4307,176,0,0,0,1
4308,179,0,0,0,1
4309,179,0,0,0,1
4310,173,0,0,0,1
4311,171,0,0,0,1
4312,172,0,0,0,1
4313,171,0,0,0,1
4314,172,0,0,0,1
4315,170,0,0,0,1
4316,171,0,0,0,1
4317,170,0,0,0,1
4318,173,0,0,0,1
4319,170,0,0,0,1
4320,171,0,0,0,1
4321,170,0,0,0,1
4322,173,0,0,0,1
4323,174,0,0,0,1
4324,172,0,0,0,1
4325,171,0,0,0,1
4326,172,0,0,0,1
4327,172,0,0,0,1
4328,171,0,0,0,1
4329,171,0,0,0,1
4330,172,0,0,0,1
4331,172,0,0,0,1
4332,172,0,0,0,1
4333,395,0,1,0,1
4334,379,0,1,0,1
4335,370,0,1,0,1
4336,369,0,1,0,1
4337,371,0,1,0,1
4338,368,0,1,0,1
4339,366,0,1,0,1
4340,365,0,1,0,1
4341,361,0,1,0,1
4342,364,0,1,0,1
4343,364,0,1,0,1
4344,364,0,1,0,1
4345,361,0,1,0,1
4346,360,0,1,0,1
4347,364,0,1,0,1
4348,362,0,1,0,1
4349,368,0,1,0,1
4350,369,0,1,0,1
4351,362,0,1,0,1
4352,362,0,1,0,1
4353,361,0,1,0,1
4354,361,0,1,0,1
4355,363,0,1,0,1
4356,358,0,1,0,1
4357,361,0,1,0,1
4358,361,0,1,0,1
4359,366,0,1,0,1
4360,362,0,1,0,1
4361,364,0,1,0,1
4362,358,0,1,0,1
4363,358,0,1,0,1
4364,356,0,1,0,1
4365,355,0,1,0,1
4366,357,0,1,0,1
4367,356,0,1,0,1
4368,354,0,1,0,1
4369,352,0,1,0,1
4370,353,0,1,0,1
4371,351,0,1,0,1
4372,354,0,1,0,1
4373,352,0,1,0,1
4374,351,0,1,0,1
4375,353,0,1,0,1
4376,348,0,1,0,1
4377,351,0,1,0,1
4378,351,0,1,0,1
4379,351,0,1,0,1
4380,352,0,1,0,1
4381,351,0,1,0,1
4382,351,0,1,0,1
4383,170,0,0,0,1
4384,171,0,0,0,1
4385,170,0,0,0,1
4386,173,0,0,0,1
4387,172,0,0,0,1
4388,171,0,0,0,1
4389,173,0,0,0,1
4390,170,0,0,0,1
4391,172,0,0,0,1
4392,174,0,0,0,1
4393,172,0,0,0,1
4394,171,0,0,0,1
4395,169,0,0,0,1
4396,176,0,0,0,1
4397,170,0,0,0,1
4398,171,0,0,0,1
4399,172,0,0,0,1
4400,177,0,0,0,1
4401,172,0,0,0,1
4402,172,0,0,0,1
4403,173,0,0,0,1
4404,171,0,0,0,1
4405,170,0,0,0,1
4406,173,0,0,0,1
4407,171,0,0,0,1
4408,170,0,0,0,1
4409,174,0,0,0,1
4410,172,0,0,0,1
4411,171,0,0,0,1
4412,170,0,0,0,1
4413,173,0,0,0,1
4414,170,0,0,0,1
4415,171,0,0,0,1
4416,172,0,0,0,1
4417,171,0,0,0,1
4418,173,0,0,0,1
4419,171,0,0,0,1
4420,169,0,0,0,1
4421,172,0,0,0,1
4422,173,0,0,0,1
4423,172,0,0,0,1
4424,173,0,0,0,1
4425,170,0,0,0,1
4426,172,0,0,0,1
4427,170,0,0,0,1
4428,170,0,0,0,1
4429,172,0,0,0,1
4430,170,0,0,0,1
4431,171,0,0,0,1
4432,173,0,0,0,1
4433,169,0,0,0,1
4434,172,0,0,0,1
4435,170,0,0,0,1
4436,173,0,0,0,1
4437,174,0,0,0,1
4438,173,0,0,0,1
4439,174,0,0,0,1
4440,171,0,0,0,1
4441,177,0,0,0,1
4442,173,0,0,0,1
4443,173,0,0,0,1
4444,173,0,0,0,1
4445,171,0,0,0,1
4446,170,0,0,0,1
4447,173,0,0,0,1
4448,169,0,0,0,1
4449,172,0,0,0,1
4450,170,0,0,0,1
4451,175,0,0,0,1
4452,169,0,0,0,1
4453,174,0,0,0,1
4454,169,0,0,0,1
4455,169,0,0,0,1
4456,170,0,0,0,1
4457,174,0,0,0,1
4458,171,0,0,0,1
4459,171,0,0,0,1
4460,172,0,0,0,1
4461,170,0,0,0,1
4462,171,0,0,0,1
4463,173,0,0,0,1
4464,173,0,0,0,1
4465,171,0,0,0,1
4466,172,0,0,0,1
4467,172,0,0,0,1
4468,173,0,0,0,1
4469,169,0,0,0,1
4470,170,0,0,0,1
4471,170,0,0,0,1
4472,172,0,0,0,1
4473,174,0,0,0,1
4474,172,0,0,0,1
4475,172,0,0,0,1
4476,183,0,0,0,1
4477,170,0,0,0,1
4478,172,0,0,0,1
4479,169,0,0,0,1
4480,172,0,0,0,1
4481,170,0,0,0,1
4482,171,0,0,0,1
4483,174,0,0,0,1
4484,173,0,0,0,1
4485,174,0,0,0,1
4486,176,0,0,0,1
4487,173,0,0,0,1
4488,177,0,0,0,1
4489,174,0,0,0,1
4490,176,0,0,0,1
4491,172,0,0,0,1
4492,174,0,0,0,1
4493,172,0,0,0,1
4494,173,0,0,0,1
4495,172,0,0,0,1
4496,170,0,0,0,1
4497,172,0,0,0,1
4498,175,0,0,0,1
4499,174,0,0,0,1
4500,171,0,0,0,1
4501,170,0,0,0,1
4502,171,0,0,0,1
4503,171,0,0,0,1
4504,171,0,0,0,1
4505,171,0,0,0,1
4506,170,0,0,0,1
4507,172,0,0,0,1
4508,173,0,0,0,1
4509,170,0,0,0,1
4510,172,0,0,0,1
4511,174,0,0,0,1
4512,173,0,0,0,1
4513,175,0,0,0,1
4514,170,0,0,0,1
4515,171,0,0,0,1
4516,173,0,0,0,1
4517,172,0,0,0,1
4518,171,0,0,0,1
4519,169,0,0,0,1
4520,171,0,0,0,1
4521,172,0,0,0,1
4522,171,0,0,0,1
4523,173,0,0,0,1
4524,174,0,0,0,1
4525,174,0,0,0,1
4526,175,0,0,0,1
4527,170,0,0,0,1
4528,171,0,0,0,1
4529,1661,0,1,0,1
4530,392,0,1,0,1
4531,374,0,1,0,1
4532,367,0,1,0,1
4533,368,0,1,0,1
4534,368,0,1,0,1
4535,366,0,1,0,1
4536,360,0,1,0,1
4537,363,0,1,0,1
4538,364,0,1,0,1
4539,366,0,1,0,1
4540,361,0,1,0,1
4541,362,0,1,0,1
4542,362,0,1,0,1
4543,363,0,1,0,1
4544,406,0,1,0,1
4545,362,0,1,0,1
4546,373,0,1,0,1
4547,380,0,1,0,1
4548,376,0,1,0,1
4549,365,0,1,0,1
4550,364,0,1,0,1
4551,404,0,1,0,1
4552,366,0,1,0,1
4553,361,0,1,0,1
4554,359,0,1,0,1
4555,364,0,1,0,1
4556,360,0,1,0,1
4557,358,0,1,0,1
4558,360,0,1,0,1
4559,355,0,1,0,1
4560,356,0,1,0,1
4561,358,0,1,0,1
4562,356,0,1,0,1
4563,369,0,1,0,1
4564,371,0,1,0,1
4565,365,0,1,0,1
4566,351,0,1,0,1
4567,354,0,1,0,1
4568,353,0,1,0,1
4569,354,0,1,0,1
4570,356,0,1,0,1
4571,351,0,1,0,1
4572,351,0,1,0,1
4573,353,0,1,0,1
4574,354,0,1,0,1
4575,350,0,1,0,1
4576,353,0,1,0,1
4577,354,0,1,0,1
4578,351,0,1,0,1
4579,175,0,0,0,1
4580,176,0,0,0,1
4581,174,0,0,0,1
4582,170,0,0,0,1
4583,172,0,0,0,1
4584,173,0,0,0,1
4585,174,0,0,0,1
4586,175,0,0,0,1
4587,175,0,0,0,1
4588,175,0,0,0,1
4589,171,0,0,0,1
4590,172,0,0,0,1
4591,172,0,0,0,1
4592,172,0,0,0,1
4593,171,0,0,0,1
4594,173,0,0,0,1
4595,170,0,0,0,1
4596,171,0,0,0,1
4597,171,0,0,0,1
4598,170,0,0,0,1
4599,174,0,0,0,1
4600,174,0,0,0,1
4601,174,0,0,0,1
4602,171,0,0,0,1
4603,171,0,0,0,1
4604,172,0,0,0,1
4605,175,0,0,0,1
4606,175,0,0,0,1
4607,173,0,0,0,1
4608,173,0,0,0,1
4609,175,0,0,0,1
4610,174,0,0,0,1
4611,173,0,0,0,1
4612,173,0,0,0,1
4613,172,0,0,0,1
4614,175,0,0,0,1
4615,173,0,0,0,1
4616,171,0,0,0,1
4617,170,0,0,0,1
4618,172,0,0,0,1
4619,172,0,0,0,1
4620,171,0,0,0,1
4621,175,0,0,0,1
4622,170,0,0,0,1
4623,172,0,0,0,1
4624,172,0,0,0,1
4625,174,0,0,0,1
4626,172,0,0,0,1
4627,172,0,0,0,1
4628,173,0,0,0,1
4629,172,0,0,0,1
4630,171,0,0,0,1
4631,171,0,0,0,1
4632,171,0,0,0,1
4633,171,0,0,0,1
4634,171,0,0,0,1
4635,171,0,0,0,1
4636,174,0,0,0,1
4637,170,0,0,0,1
4638,172,0,0,0,1
4639,171,0,0,0,1
4640,171,0,0,0,1
4641,170,0,0,0,1
4642,171,0,0,0,1
4643,174,0,0,0,1
4644,171,0,0,0,1
4645,170,0,0,0,1
4646,170,0,0,0,1
4647,172,0,0,0,1
4648,170,0,0,0,1
4649,171,0,0,0,1
4650,171,0,0,0,1
4651,173,0,0,0,1
4652,172,0,0,0,1
4653,171,0,0,0,1
4654,170,0,0,0,1
4655,176,0,0,0,1
4656,170,0,0,0,1
4657,172,0,0,0,1
4658,171,0,0,0,1
4659,172,0,0,0,1
4660,172,0,0,0,1
4661,172,0,0,0,1
4662,175,0,0,0,1
4663,170,0,0,0,1
4664,174,0,0,0,1
4665,170,0,0,0,1
4666,170,0,0,0,1
4667,171,0,0,0,1
4668,171,0,0,0,1
4669,171,0,0,0,1
4670,171,0,0,0,1
4671,171,0,0,0,1
4672,171,0,0,0,1
4673,172,0,0,0,1
4674,171,0,0,0,1
4675,171,0,0,0,1
4676,173,0,0,0,1
4677,173,0,0,0,1
4678,173,0,0,0,1
4679,174,0,0,0,1
4680,174,0,0,0,1
4681,170,0,0,0,1
4682,170,0,0,0,1
4683,170,0,0,0,1
4684,172,0,0,0,1
4685,171,0,0,0,1
4686,170,0,0,0,1
4687,169,0,0,0,1
4688,174,0,0,0,1
4689,172,0,0,0,1
4690,174,0,0,0,1
4691,173,0,0,0,1
4692,171,0,0,0,1
4693,170,0,0,0,1
4694,175,0,0,0,1
4695,176,0,0,0,1
4696,172,0,0,0,1
4697,172,0,0,0,1
4698,170,0,0,0,1
4699,171,0,0,0,1
4700,172,0,0,0,1
4701,170,0,0,0,1
4702,175,0,0,0,1
4703,173,0,0,0,1
4704,170,0,0,0,1
4705,171,0,0,0,1
4706,171,0,0,0,1
4707,171,0,0,0,1
4708,172,0,0,0,1
4709,170,0,0,0,1
4710,171,0,0,0,1
4711,171,0,0,0,1
4712,171,0,0,0,1
4713,174,0,0,0,1
4714,170,0,0,0,1
4715,174,0,0,0,1
4716,170,0,0,0,1
4717,170,0,0,0,1
4718,171,0,0,0,1
4719,171,0,0,0,1
4720,174,0,0,0,1
4721,172,0,0,0,1
4722,171,0,0,0,1
4723,170,0,0,0,1
4724,177,0,0,0,1
4725,174,0,0,0,1
4726,170,0,0,0,1
4727,169,0,0,0,1
4728,171,0,0,0,1
4729,172,0,0,0,1
4730,172,0,0,0,1
4731,172,0,0,0,1
4732,170,0,0,0,1
4733,172,0,0,0,1
4734,174,0,0,0,1
4735,173,0,0,0,1
4736,174,0,0,0,1
4737,177,0,0,0,1
4738,174,0,0,0,1
4739,175,0,0,0,1
4740,175,0,0,0,1
4741,175,0,0,0,1
4742,174,0,0,0,1
4743,172,0,0,0,1
4744,174,0,0,0,1
4745,173,0,0,0,1
4746,174,0,0,0,1
4747,173,0,0,0,1
4748,171,0,0,0,1
4749,171,0,0,0,1
4750,172,0,0,0,1
4751,172,0,0,0,1
4752,175,0,0,0,1
4753,175,0,0,0,1
4754,174,0,0,0,1
4755,174,0,0,0,1
4756,174,0,0,0,1
4757,170,0,0,0,1
4758,170,0,0,0,1
4759,171,0,0,0,1
4760,171,0,0,0,1
4761,172,0,0,0,1
4762,172,0,0,0,1
4763,177,0,0,0,1
4764,172,0,0,0,1
4765,171,0,0,0,1
4766,173,0,0,0,1
4767,170,0,0,0,1
4768,172,0,0,0,1
4769,404,0,1,0,1
4770,382,0,1,0,1
4771,370,0,1,0,1
4772,374,0,1,0,1
4773,364,0,1,0,1
4774,366,0,1,0,1
4775,367,0,1,0,1
4776,365,0,1,0,1
4777,369,0,1,0,1
4778,365,0,1,0,1
4779,361,0,1,0,1
4780,362,0,1,0,1
4781,372,0,1,0,1
4782,363,0,1,0,1
4783,360,0,1,0,1
4784,359,0,1,0,1
4785,357,0,1,0,1
4786,359,0,1,0,1
4787,361,0,1,0,1
4788,366,0,1,0,1
4789,361,0,1,0,1
4790,357,0,1,0,1
4791,362,0,1,0,1
4792,358,0,1,0,1
4793,357,0,1,0,1
4794,356,0,1,0,1
4795,354,0,1,0,1
4796,356,0,1,0,1
4797,353,0,1,0,1
4798,356,0,1,0,1
4799,355,0,1,0,1
4800,353,0,1,0,1
4801,356,0,1,0,1
4802,359,0,1,0,1
4803,361,0,1,0,1
4804,353,0,1,0,1
4805,354,0,1,0,1
4806,350,0,1,0,1
4807,350,0,1,0,1
4808,351,0,1,0,1
4809,351,0,1,0,1
4810,353,0,1,0,1
4811,350,0,1,0,1
4812,353,0,1,0,1
4813,350,0,1,0,1
4814,356,0,1,0,1
4815,352,0,1,0,1
4816,352,0,1,0,1
4817,350,0,1,0,1
4818,350,0,1,0,1
4819,348,0,1,0,1
4820,171,0,0,0,1
4821,172,0,0,0,1
4822,170,0,0,0,1
4823,170,0,0,0,1
4824,171,0,0,0,1
4825,173,0,0,0,1
4826,172,0,0,0,1
4827,174,0,0,0,1
4828,172,0,0,0,1
4829,174,0,0,0,1
4830,172,0,0,0,1
4831,173,0,0,0,1
4832,175,0,0,0,1
4833,170,0,0,0,1
4834,171,0,0,0,1
4835,170,0,0,0,1
4836,170,0,0,0,1
4837,173,0,0,0,1
4838,174,0,0,0,1
4839,174,0,0,0,1
4840,171,0,0,0,1
4841,170,0,0,0,1
4842,170,0,0,0,1
4843,170,0,0,0,1
4844,175,0,0,0,1
4845,116,0,0,0,1
4846,115,0,0,0,1
4847,117,0,0,0,1
4848,115,0,0,0,1
4849,118,0,0,0,1
4850,116,0,0,0,1
4851,118,0,0,0,1
4852,116,0,0,0,1
4853,118,0,0,0,1
4854,114,0,0,0,1
4855,116,0,0,0,1
4856,120,0,0,0,1
4857,119,0,0,0,1
4858,117,0,0,0,1
4859,117,0,0,0,1
4860,115,0,0,0,1
4861,118,0,0,0,1
4862,116,0,0,0,1
4863,118,0,0,0,1
4864,117,0,0,0,1
4865,118,0,0,0,1
4866,118,0,0,0,1
4867,119,0,0,0,1
4868,118,0,0,0,1
4869,119,0,0,0,1
4870,119,0,0,0,1
4871,115,0,0,0,1
4872,117,0,0,0,1
4873,115,0,0,0,1
4874,117,0,0,0,1
4875,116,0,0,0,1
4876,120,0,0,0,1
4877,125,0,0,0,1
4878,122,0,0,0,1
4879,119,0,0,0,1
4880,118,0,0,0,1
4881,116,0,0,0,1
4882,118,0,0,0,1
4883,116,0,0,0,1
4884,119,0,0,0,1
4885,119,0,0,0,1
4886,117,0,0,0,1
4887,116,0,0,0,1
4888,117,0,0,0,1
4889,119,0,0,0,1
4890,117,0,0,0,1
4891,116,0,0,0,1
4892,115,0,0,0,1
4893,115,0,0,0,1
4894,117,0,0,0,1
4895,123,0,0,0,1
4896,115,0,0,0,1
4897,117,0,0,0,1
4898,117,0,0,0,1
4899,117,0,0,0,1
4900,116,0,0,0,1
4901,115,0,0,0,1
4902,116,0,0,0,1
4903,120,0,0,0,1
4904,116,0,0,0,1
4905,121,0,0,0,1
4906,118,0,0,0,1
4907,116,0,0,0,1
4908,119,0,0,0,1
4909,117,0,0,0,1
4910,115,0,0,0,1
4911,116,0,0,0,1
4912,117,0,0,0,1
4913,116,0,0,0,1
4914,117,0,0,0,1
4915,115,0,0,0,1
4916,119,0,0,0,1
4917,116,0,0,0,1
4918,119,0,0,0,1
4919,116,0,0,0,1
4920,117,0,0,0,1
4921,115,0,0,0,1
4922,117,0,0,0,1
4923,116,0,0,0,1
4924,119,0,0,0,1
4925,117,0,0,0,1
4926,118,0,0,0,1
4927,118,0,0,0,1
4928,119,0,0,0,1
4929,118,0,0,0,1
4930,119,0,0,0,1
4931,119,0,0,0,1
4932,121,0,0,0,1
4933,117,0,0,0,1
4934,119,0,0,0,1
4935,118,0,0,0,1
4936,120,0,0,0,1
4937,117,0,0,0,1
4938,118,0,0,0,1
4939,117,0,0,0,1
4940,117,0,0,0,1
4941,117,0,0,0,1
4942,119,0,0,0,1
4943,118,0,0,0,1
4944,119,0,0,0,1
4945,117,0,0,0,1
4946,116,0,0,0,1
4947,115,0,0,0,1
4948,118,0,0,0,1
4949,117,0,0,0,1
4950,116,0,0,0,1
4951,116,0,0,0,1
4952,117,0,0,0,1
4953,117,0,0,0,1
4954,119,0,0,0,1
4955,116,0,0,0,1
4956,120,0,0,0,1
4957,117,0,0,0,1
4958,117,0,0,0,1
4959,116,0,0,0,1
4960,117,0,0,0,1
4961,114,0,0,0,1
4962,119,0,0,0,1
4963,118,0,0,0,1
4964,117,0,0,0,1
4965,116,0,0,0,1
4966,118,0,0,0,1
4967,117,0,0,0,1
4968,115,0,0,0,1
4969,117,0,0,0,1
4970,117,0,0,0,1
4971,115,0,0,0,1
4972,115,0,0,0,1
4973,119,0,0,0,1
4974,115,0,0,0,1
4975,118,0,0,0,1
4976,117,0,0,0,1
4977,116,0,0,0,1
4978,116,0,0,0,1
4979,116,0,0,0,1
4980,117,0,0,0,1
4981,119,0,0,0,1
4982,118,0,0,0,1
4983,117,0,0,0,1
4984,119,0,0,0,1
4985,116,0,0,0,1
4986,119,0,0,0,1
4987,117,0,0,0,1
4988,116,0,0,0,1
4989,118,0,0,0,1
4990,119,0,0,0,1
4991,117,0,0,0,1
4992,118,0,0,0,1
4993,120,0,0,0,1
4994,120,0,0,0,1
4995,114,0,0,0,1
4996,117,0,0,0,1
4997,117,0,0,0,1
4998,116,0,0,0,1
4999,118,0,0,0,1
5000,343,0,1,0,1
5001,320,0,1,0,1
5002,316,0,1,0,1
5003,316,0,1,0,1
5004,313,0,1,0,1
5005,313,0,1,0,1
5006,313,0,1,0,1
5007,307,0,1,0,1
5008,309,0,1,0,1
5009,308,0,1,0,1
5010,306,0,1,0,1
5011,307,0,1,0,1
5012,308,0,1,0,1
5013,304,0,1,0,1
5014,304,0,1,0,1
5015,303,0,1,0,1
5016,306,0,1,0,1
5017,305,0,1,0,1
5018,309,0,1,0,1
5019,308,0,1,0,1
5020,304,0,1,0,1
5021,306,0,1,0,1
5022,303,0,1,0,1
5023,302,0,1,0,1
5024,299,0,1,0,1
5025,300,0,1,0,1
5026,299,0,1,0,1
5027,300,0,1,0,1
5028,303,0,1,0,1
5029,298,0,1,0,1
5030,302,0,1,0,1
5031,297,0,1,0,1
5032,300,0,1,0,1
5033,300,0,1,0,1
5034,305,0,1,0,1
5035,294,0,1,0,1
5036,299,0,1,0,1
5037,297,0,1,0,1
5038,297,0,1,0,1
5039,294,0,1,0,1
5040,295,0,1,0,1
5041,296,0,1,0,1
5042,296,0,1,0,1
5043,298,0,1,0,1
5044,297,0,1,0,1
5045,295,0,1,0,1
5046,117,0,0,0,1
5047,116,0,0,0,1
5048,118,0,0,0,1
5049,119,0,0,0,1
5050,117,0,0,0,1
5051,120,0,0,0,1
5052,122,0,0,0,1
5053,119,0,0,0,1
5054,115,0,0,0,1
5055,115,0,0,0,1
5056,115,0,0,0,1
5057,116,0,0,0,1
5058,118,0,0,0,1
5059,117,0,0,0,1
5060,117,0,0,0,1
5061,116,0,0,0,1
5062,117,0,0,0,1
5063,116,0,0,0,1
5064,117,0,0,0,1
5065,118,0,0,0,1
5066,115,0,0,0,1
5067,116,0,0,0,1
5068,117,0,0,0,1
5069,116,0,0,0,1
5070,117,0,0,0,1
5071,116,0,0,0,1
5072,116,0,0,0,1
5073,115,0,0,0,1
5074,115,0,0,0,1
5075,116,0,0,0,1
5076,116,0,0,0,1
5077,119,0,0,0,1
5078,119,0,0,0,1
5079,117,0,0,0,1
5080,114,0,0,0,1
5081,117,0,0,0,1
5082,117,0,0,0,1
5083,116,0,0,0,1
5084,117,0,0,0,1
5085,116,0,0,0,1
5086,116,0,0,0,1
5087,115,0,0,0,1
5088,115,0,0,0,1
5089,118,0,0,0,1
5090,118,0,0,0,1
5091,119,0,0,0,1
5092,116,0,0,0,1
5093,116,0,0,0,1
5094,118,0,0,0,1
5095,115,0,0,0,1
5096,117,0,0,0,1
5097,116,0,0,0,1
5098,116,0,0,0,1
5099,117,0,0,0,1
5100,119,0,0,0,1
5101,116,0,0,0,1
5102,117,0,0,0,1
5103,115,0,0,0,1
5104,121,0,0,0,1
5105,119,0,0,0,1
5106,115,0,0,0,1
5107,116,0,0,0,1
5108,117,0,0,0,1
5109,117,0,0,0,1
5110,115,0,0,0,1
5111,117,0,0,0,1
5112,116,0,0,0,1
5113,122,0,0,0,1
5114,118,0,0,0,1
5115,118,0,0,0,1
5116,119,0,0,0,1
5117,119,0,0,0,1
5118,119,0,0,0,1
5119,120,0,0,0,1
5120,120,0,0,0,1
5121,119,0,0,0,1
5122,118,0,0,0,1
5123,117,0,0,0,1
5124,119,0,0,0,1
5125,119,0,0,0,1
5126,118,0,0,0,1
5127,121,0,0,0,1
5128,119,0,0,0,1
5129,118,0,0,0,1
5130,122,0,0,0,1
5131,117,0,0,0,1
5132,117,0,0,0,1
5133,116,0,0,0,1
5134,115,0,0,0,1
5135,120,0,0,0,1
5136,116,0,0,0,1
5137,116,0,0,0,1
5138,118,0,0,0,1
5139,116,0,0,0,1
5140,116,0,0,0,1
5141,120,0,0,0,1
5142,119,0,0,0,1
5143,122,0,0,0,1
5144,118,0,0,0,1
5145,116,0,0,0,1
5146,118,0,0,0,1
5147,118,0,0,0,1
5148,117,0,0,0,1
5149,117,0,0,0,1
5150,117,0,0,0,1
5151,118,0,0,0,1
5152,117,0,0,0,1
5153,121,0,0,0,1
5154,116,0,0,0,1
5155,119,0,0,0,1
5156,121,0,0,0,1
5157,116,0,0,0,1
5158,117,0,0,0,1
5159,117,0,0,0,1
5160,117,0,0,0,1
5161,115,0,0,0,1
5162,117,0,0,0,1
5163,116,0,0,0,1
5164,118,0,0,0,1
5165,119,0,0,0,1
5166,119,0,0,0,1
5167,120,0,0,0,1
5168,116,0,0,0,1
5169,118,0,0,0,1
5170,115,0,0,0,1
5171,117,0,0,0,1
5172,115,0,0,0,1
5173,117,0,0,0,1
5174,115,0,0,0,1
5175,116,0,0,0,1
5176,115,0,0,0,1
5177,116,0,0,0,1
5178,119,0,0,0,1
5179,117,0,0,0,1
5180,121,0,0,0,1
5181,118,0,0,0,1
5182,119,0,0,0,1
5183,117,0,0,0,1
5184,116,0,0,0,1
5185,116,0,0,0,1
5186,116,0,0,0,1
5187,117,0,0,0,1
5188,115,0,0,0,1
5189,116,0,0,0,1
5190,116,0,0,0,1
5191,115,0,0,0,1
5192,123,0,0,0,1
5193,115,0,0,0,1
5194,119,0,0,0,1
5195,114,0,0,0,1
5196,116,0,0,0,1
5197,116,0,0,0,1
5198,117,0,0,0,1
5199,118,0,0,0,1
5200,343,0,1,0,1
5201,325,0,1,0,1
5202,317,0,1,0,1
5203,315,0,1,0,1
5204,313,0,1,0,1
5205,305,0,1,0,1
5206,315,0,1,0,1
5207,309,0,1,0,1
5208,308,0,1,0,1
5209,302,0,1,0,1
5210,307,0,1,0,1
5211,305,0,1,0,1
5212,305,0,1,0,1
5213,302,0,1,0,1
5214,305,0,1,0,1
5215,305,0,1,0,1
5216,304,0,1,0,1
5217,306,0,1,0,1
5218,300,0,1,0,1
5219,305,0,1,0,1
5220,303,0,1,0,1
5221,301,0,1,0,1
5222,298,0,1,0,1
5223,298,0,1,0,1
5224,303,0,1,0,1
5225,299,0,1,0,1
5226,297,0,1,0,1
5227,297,0,1,0,1
5228,303,0,1,0,1
5229,297,0,1,0,1
5230,302,0,1,0,1
5231,301,0,1,0,1
5232,301,0,1,0,1
5233,296,0,1,0,1
5234,296,0,1,0,1
5235,296,0,1,0,1
5236,296,0,1,0,1
5237,296,0,1,0,1
5238,294,0,1,0,1
5239,295,0,1,0,1
5240,295,0,1,0,1
5241,295,0,1,0,1
5242,292,0,1,0,1
5243,299,0,1,0,1
5244,120,0,0,0,1
5245,119,0,0,0,1
5246,116,0,0,0,1
5247,114,0,0,0,1
5248,116,0,0,0,1
5249,113,0,0,0,1
5250,115,0,0,0,1
5251,118,0,0,0,1
5252,159,0,0,0,1
5253,159,0,0,0,1
5254,162,0,0,0,1
5255,163,0,0,0,1
5256,167,0,0,0,1
5257,170,0,0,0,1
5258,167,0,0,0,1
5259,170,0,0,0,1
5260,171,0,0,0,1
5261,177,0,0,0,1
5262,176,0,0,0,1
5263,175,0,0,0,1
5264,175,0,0,0,1
5265,174,0,0,0,1
5266,175,0,0,0,1
5267,176,0,0,0,1
5268,172,0,0,0,1
5269,175,0,0,0,1
5270,176,0,0,0,1
5271,172,0,0,0,1
5272,172,0,0,0,1
5273,173,0,0,0,1
5274,173,0,0,0,1
5275,176,0,0,0,1
5276,172,0,0,0,1
5277,173,0,0,0,1
5278,175,0,0,0,1
5279,176,0,0,0,1
5280,173,0,0,0,1
5281,175,0,0,0,1
5282,174,0,0,0,1
5283,177,0,0,0,1
5284,173,0,0,0,1
5285,174,0,0,0,1
5286,176,0,0,0,1
5287,174,0,0,0,1
5288,174,0,0,0,1
5289,174,0,0,0,1
5290,175,0,0,0,1
5291,178,0,0,0,1
5292,176,0,0,0,1
5293,176,0,0,0,1
5294,173,0,0,0,1
5295,175,0,0,0,1
5296,175,0,0,0,1
5297,176,0,0,0,1
5298,175,0,0,0,1
5299,177,0,0,0,1
5300,175,0,0,0,1
5301,176,0,0,0,1
5302,174,0,0,0,1
5303,175,0,0,0,1
5304,177,0,0,0,1
5305,177,0,0,0,1
5306,180,0,0,0,1
5307,178,0,0,0,1
5308,176,0,0,0,1
5309,177,0,0,0,1
5310,176,0,0,0,1
5311,178,0,0,0,1
5312,179,0,0,0,1
5313,176,0,0,0,1
5314,178,0,0,0,1
5315,178,0,0,0,1
5316,176,0,0,0,1
5317,179,0,0,0,1
5318,176,0,0,0,1
5319,179,0,0,0,1
5320,179,0,0,0,1
5321,178,0,0,0,1
5322,174,0,0,0,1
5323,176,0,0,0,1
5324,174,0,0,0,1
5325,174,0,0,0,1
5326,175,0,0,0,1
5327,175,0,0,0,1
5328,174,0,0,0,1
5329,177,0,0,0,1
5330,175,0,0,0,1
5331,176,0,0,0,1
5332,183,0,0,0,1
5333,178,0,0,0,1
5334,174,0,0,0,1
5335,174,0,0,0,1
5336,173,0,0,0,1
5337,175,0,0,0,1
5338,173,0,0,0,1
5339,171,0,0,0,1
5340,175,0,0,0,1
5341,172,0,0,0,1
5342,173,0,0,0,1
5343,178,0,0,0,1
5344,175,0,0,0,1
5345,173,0,0,0,1
5346,172,0,0,0,1
5347,173,0,0,0,1
5348,173,0,0,0,1
5349,173,0,0,0,1
5350,172,0,0,0,1
5351,170,0,0,0,1
5352,175,0,0,0,1
5353,173,0,0,0,1
5354,171,0,0,0,1
5355,173,0,0,0,1
5356,172,0,0,0,1
5357,175,0,0,0,1
5358,170,0,0,0,1
5359,170,0,0,0,1
5360,173,0,0,0,1
5361,173,0,0,0,1
5362,171,0,0,0,1
5363,175,0,0,0,1
5364,173,0,0,0,1
5365,173,0,0,0,1
5366,176,0,0,0,1
5367,173,0,0,0,1
5368,175,0,0,0,1
5369,170,0,0,0,1
5370,175,0,0,0,1
5371,170,0,0,0,1
5372,171,0,0,0,1
5373,173,0,0,0,1
5374,177,0,0,0,1
5375,171,0,0,0,1
5376,171,0,0,0,1
5377,171,0,0,0,1
5378,171,0,0,0,1
5379,174,0,0,0,1
5380,177,0,0,0,1
5381,176,0,0,0,1
5382,174,0,0,0,1
5383,171,0,0,0,1
5384,172,0,0,0,1
5385,175,0,0,0,1
5386,171,0,0,0,1
5387,173,0,0,0,1
5388,173,0,0,0,1
5389,175,0,0,0,1
5390,171,0,0,0,1
5391,172,0,0,0,1
5392,170,0,0,0,1
5393,173,0,0,0,1
5394,177,0,0,0,1
5395,174,0,0,0,1
5396,172,0,0,0,1
5397,172,0,0,0,1
5398,173,0,0,0,1
5399,172,0,0,0,1
5400,173,0,0,0,1
5401,173,0,0,0,1
5402,172,0,0,0,1
5403,173,0,0,0,1
5404,172,0,0,0,1
5405,174,0,0,0,1
5406,174,0,0,0,1
5407,170,0,0,0,1
5408,170,0,0,0,1
5409,174,0,0,0,1
5410,174,0,0,0,1
5411,173,0,0,0,1
5412,173,0,0,0,1
5413,174,0,0,0,1
5414,172,0,0,0,1
5415,172,0,0,0,1
5416,176,0,0,0,1
5417,172,0,0,0,1
5418,172,0,0,0,1
5419,179,0,0,0,1
5420,174,0,0,0,1
5421,175,0,0,0,1
5422,171,0,0,0,1
5423,175,0,0,0,1
5424,2296,0,1,0,1
5425,398,0,1,0,1
5426,374,0,1,0,1
5427,370,0,1,0,1
5428,367,0,1,0,1
5429,367,0,1,0,1
5430,364,0,1,0,1
5431,368,0,1,0,1
5432,360,0,1,0,1
5433,367,0,1,0,1
5434,363,0,1,0,1
5435,363,0,1,0,1
5436,364,0,1,0,1
5437,362,0,1,0,1
5438,365,0,1,0,1
5439,360,0,1,0,1
5440,363,0,1,0,1
5441,360,0,1,0,1
5442,361,0,1,0,1
5443,357,0,1,0,1
5444,361,0,1,0,1
5445,356,0,1,0,1
5446,360,0,1,0,1
5447,361,0,1,0,1
5448,356,0,1,0,1
5449,361,0,1,0,1
5450,357,0,1,0,1
5451,359,0,1,0,1
5452,359,0,1,0,1
5453,362,0,1,0,1
5454,357,0,1,0,1
5455,358,0,1,0,1
5456,358,0,1,0,1
5457,356,0,1,0,1
5458,356,0,1,0,1
5459,357,0,1,0,1
5460,355,0,1,0,1
5461,358,0,1,0,1
5462,351,0,1,0,1
5463,352,0,1,0,1
5464,352,0,1,0,1
5465,355,0,1,0,1
5466,350,0,1,0,1
5467,352,0,1,0,1
5468,349,0,1,0,1
5469,351,0,1,0,1
5470,349,0,1,0,1
5471,351,0,1,0,1
5472,348,0,1,0,1
5473,349,0,1,0,1
5474,174,0,0,0,1
5475,173,0,0,0,1
5476,173,0,0,0,1
5477,175,0,0,0,1
5478,173,0,0,0,1
5479,171,0,0,0,1
5480,173,0,0,0,1
5481,172,0,0,0,1
5482,176,0,0,0,1
5483,177,0,0,0,1
5484,173,0,0,0,1
5485,177,0,0,0,1
5486,170,0,0,0,1
5487,173,0,0,0,1
5488,172,0,0,0,1
5489,172,0,0,0,1
5490,170,0,0,0,1
5491,171,0,0,0,1
5492,172,0,0,0,1
5493,174,0,0,0,1
5494,172,0,0,0,1
5495,176,0,0,0,1
5496,180,0,0,0,1
5497,174,0,0,0,1
5498,175,0,0,0,1
5499,176,0,0,0,1
5500,174,0,0,0,1
5501,177,0,0,0,1
5502,174,0,0,0,1
5503,175,0,0,0,1
5504,177,0,0,0,1
5505,177,0,0,0,1
5506,173,0,0,0,1
5507,176,0,0,0,1
5508,176,0,0,0,1
5509,179,0,0,0,1
5510,178,0,0,0,1
5511,172,0,0,0,1
5512,173,0,0,0,1
5513,172,0,0,0,1
5514,172,0,0,0,1
5515,174,0,0,0,1
5516,171,0,0,0,1
5517,171,0,0,0,1
5518,171,0,0,0,1
5519,174,0,0,0,1
5520,174,0,0,0,1
5521,171,0,0,0,1
5522,173,0,0,0,1
5523,173,0,0,0,1
5524,171,0,0,0,1
5525,170,0,0,0,1
5526,170,0,0,0,1
5527,171,0,0,0,1
5528,176,0,0,0,1
5529,173,0,0,0,1
5530,171,0,0,0,1
5531,173,0,0,0,1
5532,172,0,0,0,1
5533,171,0,0,0,1
5534,171,0,0,0,1
5535,172,0,0,0,1
5536,171,0,0,0,1
5537,170,0,0,0,1
5538,173,0,0,0,1
5539,171,0,0,0,1
5540,173,0,0,0,1
5541,175,0,0,0,1
5542,172,0,0,0,1
5543,172,0,0,0,1
5544,177,0,0,0,1
5545,174,0,0,0,1
5546,174,0,0,0,1
5547,173,0,0,0,1
5548,172,0,0,0,1
5549,176,0,0,0,1
5550,172,0,0,0,1
5551,174,0,0,0,1
5552,171,0,0,0,1
5553,173,0,0,0,1
5554,175,0,0,0,1
5555,173,0,0,0,1
5556,173,0,0,0,1
5557,174,0,0,0,1
5558,172,0,0,0,1
5559,175,0,0,0,1
5560,178,0,0,0,1
5561,172,0,0,0,1
5562,173,0,0,0,1
5563,170,0,0,0,1
5564,172,0,0,0,1
5565,172,0,0,0,1
5566,172,0,0,0,1
5567,174,0,0,0,1
5568,172,0,0,0,1
5569,175,0,0,0,1
5570,172,0,0,0,1
5571,175,0,0,0,1
5572,179,0,0,0,1
5573,175,0,0,0,1
5574,172,0,0,0,1
5575,172,0,0,0,1
5576,172,0,0,0,1
5577,174,0,0,0,1
5578,171,0,0,0,1
5579,172,0,0,0,1
5580,173,0,0,0,1
5581,174,0,0,0,1
5582,174,0,0,0,1
5583,172,0,0,0,1
5584,175,0,0,0,1
5585,172,0,0,0,1
5586,174,0,0,0,1
5587,174,0,0,0,1
5588,170,0,0,0,1
5589,173,0,0,0,1
5590,174,0,0,0,1
5591,173,0,0,0,1
5592,171,0,0,0,1
5593,174,0,0,0,1
5594,173,0,0,0,1
5595,170,0,0,0,1
5596,175,0,0,0,1
5597,176,0,0,0,1
5598,172,0,0,0,1
5599,173,0,0,0,1
5600,173,0,0,0,1
5601,170,0,0,0,1
5602,171,0,0,0,1
5603,173,0,0,0,1
5604,171,0,0,0,1
5605,172,0,0,0,1
5606,170,0,0,0,1
5607,175,0,0,0,1
5608,176,0,0,0,1
5609,174,0,0,0,1
5610,395,0,1,0,1
5611,387,0,1,0,1
5612,372,0,1,0,1
5613,368,0,1,0,1
5614,368,0,1,0,1
5615,363,0,1,0,1
5616,367,0,1,0,1
5617,364,0,1,0,1
5618,366,0,1,0,1
5619,360,0,1,0,1
5620,363,0,1,0,1
5621,366,0,1,0,1
5622,360,0,1,0,1
5623,360,0,1,0,1
5624,358,0,1,0,1
5625,360,0,1,0,1
5626,359,0,1,0,1
5627,360,0,1,0,1
5628,358,0,1,0,1
5629,359,0,1,0,1
5630,355,0,1,0,1
5631,356,0,1,0,1
5632,356,0,1,0,1
5633,358,0,1,0,1
5634,359,0,1,0,1
5635,359,0,1,0,1
5636,361,0,1,0,1
5637,358,0,1,0,1
5638,352,0,1,0,1
5639,354,0,1,0,1
5640,362,0,1,0,1
5641,355,0,1,0,1
5642,352,0,1,0,1
5643,350,0,1,0,1
5644,353,0,1,0,1
5645,354,0,1,0,1
5646,352,0,1,0,1
5647,352,0,1,0,1
5648,351,0,1,0,1
5649,353,0,1,0,1
5650,350,0,1,0,1
5651,352,0,1,0,1
5652,352,0,1,0,1
5653,348,0,1,0,1
5654,173,0,0,0,1
5655,172,0,0,0,1
5656,173,0,0,0,1
5657,172,0,0,0,1
5658,172,0,0,0,1
5659,176,0,0,0,1
5660,175,0,0,0,1
5661,173,0,0,0,1
5662,171,0,0,0,1
5663,175,0,0,0,1
5664,173,0,0,0,1
5665,171,0,0,0,1
5666,174,0,0,0,1
5667,173,0,0,0,1
5668,172,0,0,0,1
5669,173,0,0,0,1
5670,173,0,0,0,1
5671,176,0,0,0,1
5672,173,0,0,0,1
5673,174,0,0,0,1
5674,175,0,0,0,1
5675,171,0,0,0,1
5676,173,0,0,0,1
5677,174,0,0,0,1
5678,174,0,0,0,1
5679,172,0,0,0,1
5680,175,0,0,0,1
5681,171,0,0,0,1
5682,170,0,0,0,1
5683,173,0,0,0,1
5684,173,0,0,0,1
5685,172,0,0,0,1
5686,172,0,0,0,1
5687,176,0,0,0,1
5688,178,0,0,0,1
5689,174,0,0,0,1
5690,176,0,0,0,1
5691,172,0,0,0,1
5692,175,0,0,0,1
5693,174,0,0,0,1
5694,174,0,0,0,1
5695,173,0,0,0,1
5696,177,0,0,0,1
5697,175,0,0,0,1
5698,177,0,0,0,1
5699,177,0,0,0,1
5700,175,0,0,0,1
5701,177,0,0,0,1
5702,174,0,0,0,1
5703,174,0,0,0,1
5704,175,0,0,0,1
5705,173,0,0,0,1
5706,171,0,0,0,1
5707,172,0,0,0,1
5708,176,0,0,0,1
5709,171,0,0,0,1
5710,180,0,0,0,1
5711,181,0,0,0,1
5712,181,0,0,0,1
5713,181,0,0,0,1
5714,182,0,0,0,1
5715,182,0,0,0,1
5716,181,0,0,0,1
5717,180,0,0,0,1
5718,170,0,0,0,1
5719,171,0,0,0,1
5720,172,0,0,0,1
5721,214,0,0,0,1
5722,213,0,0,0,1
5723,215,0,0,0,1
5724,211,0,0,0,1
5725,214,0,0,0,1
5726,213,0,0,0,1
5727,213,0,0,0,1
5728,255,0,0,0,1
5729,214,0,0,0,1
5730,213,0,0,0,1
5731,215,0,0,0,1
5732,213,0,0,0,1
5733,217,0,0,0,1
5734,213,0,0,0,1
5735,217,0,0,0,1
5736,215,0,0,0,1
5737,215,0,0,0,1
5738,213,0,0,0,1
5739,213,0,0,0,1
5740,214,0,0,0,1
5741,214,0,0,0,1
5742,211,0,0,0,1
5743,213,0,0,0,1
5744,213,0,0,0,1
5745,216,0,0,0,1
5746,211,0,0,0,1
5747,213,0,0,0,1
5748,214,0,0,0,1
5749,211,0,0,0,1
5750,212,0,0,0,1
5751,215,0,0,0,1
5752,211,0,0,0,1
5753,213,0,0,0,1
5754,214,0,0,0,1
5755,213,0,0,0,1
5756,212,0,0,0,1
5757,212,0,0,0,1
5758,212,0,0,0,1
5759,215,0,0,0,1
5760,212,0,0,0,1
