main,state,oven,refg,kitchen,lite,bath
256,5,0,6,57,192,1
256,5,0,6,57,192,1
257,5,0,6,58,192,1
256,5,0,6,57,192,1
256,5,0,6,57,192,1
255,5,0,6,55,193,1
255,5,0,6,56,192,1
257,5,0,6,57,193,1
261,5,0,6,61,193,1
255,5,0,6,56,192,1
256,5,0,6,57,192,1
261,5,0,6,61,193,1
257,5,0,6,58,192,1
259,5,0,6,60,192,1
262,5,0,6,61,194,1
260,5,0,6,61,192,1
255,5,0,6,56,192,1
258,5,0,6,59,192,1
259,5,0,6,60,192,1
258,5,0,6,59,192,1
261,5,0,6,61,193,1
262,5,0,6,62,193,1
260,5,0,6,60,193,1
261,5,0,6,62,192,1
261,5,0,6,62,192,1
259,5,0,6,60,192,1
260,5,0,6,61,192,1
261,5,0,6,62,192,1
261,5,0,6,62,192,1
258,5,0,6,59,192,1
259,5,0,6,60,192,1
259,5,0,6,60,192,1
258,5,0,6,59,192,1
258,5,0,6,59,192,1
260,5,0,6,60,193,1
259,5,0,6,60,192,1
262,5,0,6,63,192,1
264,5,0,6,65,192,1
260,5,0,6,61,192,1
258,5,0,6,59,192,1
260,5,0,6,61,192,1
258,5,0,6,59,192,1
258,5,0,6,59,192,1
265,5,0,6,66,192,1
258,5,0,6,59,192,1
258,5,0,6,59,192,1
261,5,0,6,62,192,1
258,5,0,6,59,192,1
259,5,0,6,60,192,1
264,5,0,6,65,192,1
258,5,0,6,59,192,1
258,5,0,6,58,193,1
259,5,0,6,60,192,1
256,5,0,6,57,192,1
256,5,0,7,57,191,1
250,5,0,4,56,190,0
256,5,0,6,57,192,1
261,5,0,6,62,192,1
256,5,0,6,57,192,1
258,5,0,6,60,190,2
257,5,2,5,58,192,0
256,5,0,6,57,192,1
261,5,0,6,62,192,1
257,5,0,6,59,191,1
260,5,0,6,61,192,1
258,5,0,6,59,192,1
258,5,0,6,59,192,1
257,5,0,6,57,193,1
257,5,0,6,57,193,1
256,5,0,6,56,193,1
258,5,0,6,59,192,1
256,5,0,6,57,192,1
258,5,0,6,59,192,1
259,5,0,6,60,192,1
262,5,0,6,63,192,1
258,5,0,6,59,192,1
259,5,0,6,60,192,1
262,5,0,6,64,191,1
259,5,0,6,60,192,1
261,5,0,6,62,192,1
260,5,0,6,61,192,1
258,5,0,6,59,192,1
258,5,0,6,60,191,1
260,5,0,6,61,192,1
259,5,0,6,60,192,1
260,5,0,6,61,192,1
258,5,0,6,59,192,1
258,5,0,6,59,192,1
258,5,0,6,60,191,1
257,5,0,6,59,191,1
259,5,0,6,61,191,1
258,5,0,6,60,191,1
254,5,0,6,56,191,1
258,5,0,6,59,192,1
255,5,0,6,57,191,1
256,5,0,6,58,191,1
256,5,0,6,58,191,1
255,5,0,6,57,191,1
254,5,0,6,57,190,1
254,5,0,6,56,191,1
254,5,0,6,56,191,1
253,5,0,6,55,191,1
256,5,0,6,58,191,1
254,5,0,6,56,191,1
254,5,0,6,57,190,1
254,5,0,6,56,191,1
254,5,0,6,56,191,1
256,5,0,6,58,191,1
253,5,0,6,55,191,1
253,5,0,6,55,191,1
253,5,0,6,54,192,1
254,5,0,6,55,192,1
251,5,0,6,53,191,1
255,5,0,6,57,191,1
257,5,0,6,58,192,1
257,5,0,6,59,191,1
256,5,0,6,58,191,1
254,5,0,6,56,191,1
251,5,0,6,53,191,1
252,5,0,6,54,191,1
253,5,0,6,55,191,1
252,5,0,6,53,192,1
254,5,0,6,56,191,1
251,5,0,6,53,191,1
250,5,0,6,52,191,1
251,5,0,6,53,191,1
254,5,0,6,57,190,1
255,5,0,6,57,191,1
252,5,0,6,54,191,1
254,5,0,6,56,191,1
251,5,0,6,53,191,1
255,5,0,6,56,192,1
254,5,0,6,55,192,1
256,5,0,6,58,191,1
251,5,0,6,53,191,1
253,5,0,6,55,191,1
252,5,0,6,54,191,1
252,5,0,6,54,191,1
254,5,0,6,55,192,1
252,5,0,6,55,190,1
254,5,0,6,56,191,1
252,5,0,6,54,191,1
256,5,0,6,58,191,1
252,5,0,6,55,190,1
256,5,0,6,58,191,1
255,5,0,6,57,191,1
258,5,0,6,60,191,1
257,5,0,6,59,191,1
255,5,0,6,57,191,1
254,5,0,6,56,191,1
251,5,0,6,54,190,1
254,5,0,6,56,191,1
256,5,0,6,58,191,1
255,5,0,6,58,190,1
256,5,0,6,58,191,1
254,5,0,6,56,191,1
255,5,0,6,57,191,1
254,5,0,6,57,190,1
254,5,0,6,56,191,1
257,5,0,6,59,191,1
254,5,0,6,57,190,1
254,5,0,6,56,191,1
254,5,0,6,56,191,1
255,5,0,6,57,191,1
255,5,0,6,57,191,1
256,5,0,6,58,191,1
254,5,0,6,56,191,1
255,5,0,6,57,191,1
252,5,0,6,55,190,1
254,5,0,6,56,191,1
254,5,0,6,56,191,1
255,5,0,6,57,191,1
257,5,0,6,59,191,1
255,5,0,6,57,191,1
255,5,0,6,57,191,1
255,5,0,6,58,190,1
254,5,0,6,56,191,1
254,5,0,6,56,191,1
256,5,0,6,58,191,1
254,5,0,6,56,191,1
254,5,0,6,56,191,1
256,5,0,6,58,191,1
255,5,0,6,57,191,1
255,5,0,6,57,191,1
256,5,0,6,58,191,1
255,5,0,6,57,191,1
255,5,0,6,57,191,1
257,5,0,6,59,191,1
254,5,0,6,56,191,1
256,5,0,6,58,191,1
254,5,0,6,56,191,1
255,5,0,6,58,190,1
253,5,0,6,56,190,1
255,5,0,6,57,191,1
256,5,0,6,58,191,1
254,5,0,6,56,191,1
254,5,0,6,56,191,1
252,5,0,6,55,190,1
253,5,0,6,56,190,1
254,5,0,6,57,190,1
256,5,0,6,58,191,1
254,5,0,6,57,190,1
255,5,0,6,58,190,1
254,5,0,6,57,190,1
254,5,0,6,57,190,1
253,5,0,6,56,190,1
255,5,0,6,58,190,1
256,5,0,6,58,191,1
252,5,0,6,55,190,1
254,5,0,6,57,190,1
252,5,0,6,55,190,1
254,5,0,6,57,190,1
254,5,0,6,57,190,1
257,5,0,6,58,192,1
256,5,0,6,58,191,1
255,5,0,6,57,191,1
253,5,0,6,56,190,1
253,5,0,6,56,190,1
252,5,0,6,55,190,1
253,5,0,6,56,190,1
254,5,0,6,57,190,1
253,5,0,6,56,190,1
257,5,0,6,59,191,1
252,5,0,6,55,190,1
254,5,0,6,57,190,1
254,5,0,6,56,191,1
251,5,0,6,54,190,1
252,5,0,6,55,190,1
253,5,0,6,56,190,1
252,5,0,6,55,190,1
251,5,0,6,54,190,1
252,5,0,6,55,190,1
252,5,0,6,54,191,1
252,5,0,6,54,191,1
253,5,0,6,55,191,1
251,5,0,6,54,190,1
252,5,0,6,55,190,1
251,5,0,6,54,190,1
251,5,0,6,54,190,1
252,5,0,6,55,190,1
253,5,0,6,56,190,1
252,5,0,6,55,190,1
251,5,0,6,54,190,1
253,5,0,6,55,191,1
251,5,0,6,54,190,1
251,5,0,6,54,190,1
252,5,0,6,54,191,1
252,5,0,6,55,190,1
251,5,0,6,54,190,1
251,5,0,6,54,190,1
252,5,0,6,54,191,1
254,5,0,6,56,191,1
254,5,0,6,56,191,1
251,5,0,6,54,190,1
254,5,0,6,55,192,1
253,5,0,6,55,191,1
251,5,0,6,54,190,1
255,5,0,6,57,191,1
251,5,0,6,54,190,1
252,5,0,6,55,190,1
254,5,0,6,56,191,1
254,5,0,6,56,191,1
251,5,0,6,54,190,1
252,5,0,6,55,190,1
253,5,0,6,56,190,1
252,5,0,6,55,190,1
254,5,0,6,56,191,1
253,5,0,6,55,191,1
251,5,0,6,54,190,1
253,5,0,6,55,191,1
255,5,0,6,57,191,1
253,5,0,6,55,191,1
253,5,0,6,56,190,1
253,5,0,6,56,190,1
252,5,0,6,54,191,1
255,5,0,6,56,192,1
1906,14,0,6,63,189,1648
1889,14,0,5,65,190,1629
1884,14,0,6,63,191,1624
1881,14,0,6,62,190,1623
1884,14,0,6,65,190,1623
1877,14,0,6,61,190,1620
1875,14,0,6,60,189,1620
1878,14,0,6,62,191,1619
1878,14,0,6,61,190,1621
1880,14,0,6,63,189,1622
1875,14,0,6,55,192,1622
1879,14,0,6,62,191,1620
1876,14,0,6,60,191,1619
1880,14,0,6,64,190,1620
1878,14,0,6,63,190,1619
1877,14,0,6,60,192,1619
1872,14,0,5,59,190,1618
1873,14,0,6,60,189,1618
1872,14,0,5,59,192,1616
1869,14,0,5,59,189,1616
1874,14,0,6,62,190,1616
1872,14,0,6,60,190,1616
1869,14,0,5,60,190,1614
1869,14,0,6,60,189,1614
1871,14,0,6,61,190,1614
1871,14,0,6,59,192,1614
1871,14,0,6,60,189,1616
1868,14,0,6,57,190,1615
1870,14,0,6,59,189,1616
1872,14,0,6,60,190,1616
1873,14,0,6,61,190,1616
1873,14,0,6,60,190,1617
1876,14,0,6,61,191,1618
1874,14,0,6,58,192,1618
1873,14,0,6,59,191,1617
1867,14,0,6,53,191,1617
1871,14,0,6,57,190,1618
1872,14,0,6,58,190,1618
1870,14,0,6,56,191,1617
1875,14,0,6,61,191,1617
1877,14,0,6,63,192,1616
1870,14,0,6,58,191,1615
1872,14,0,6,58,191,1617
1870,14,0,6,57,190,1617
1871,14,0,6,57,191,1617
1870,14,0,6,56,190,1618
1872,14,0,6,57,191,1618
1871,14,0,6,58,190,1617
1867,14,0,5,55,189,1618
1870,14,0,6,57,190,1617
1870,14,0,6,57,189,1618
1870,14,0,6,56,189,1619
245,5,0,6,49,190,0
247,5,0,6,49,191,1
248,5,0,6,49,192,1
247,5,0,6,49,191,1
247,5,0,6,49,191,1
248,5,0,6,48,193,1
246,5,0,6,48,191,1
247,5,0,6,49,191,1
247,5,0,6,49,191,1
248,5,0,6,49,192,1
247,5,0,6,48,192,1
248,5,0,6,50,191,1
246,5,0,6,48,191,1
247,5,0,6,48,192,1
245,5,0,6,48,190,1
248,5,0,6,49,192,1
248,5,0,6,50,191,1
246,5,0,6,48,191,1
247,5,0,6,49,191,1
247,5,0,6,49,191,1
248,5,0,6,50,191,1
247,5,0,6,48,192,1
250,5,0,6,51,192,1
246,5,0,6,48,191,1
246,5,0,6,48,191,1
247,5,0,6,48,192,1
246,5,0,6,48,191,1
247,5,0,6,49,191,1
250,5,0,6,51,192,1
248,5,0,6,49,192,1
247,5,0,6,48,192,1
248,5,0,6,50,191,1
250,5,0,6,50,193,1
246,5,0,6,48,191,1
249,5,0,6,49,193,1
247,5,0,6,49,191,1
183,3,0,6,50,126,1
181,3,0,6,48,126,1
183,3,0,6,50,126,1
184,3,0,6,51,126,1
183,3,0,6,50,126,1
182,3,0,6,49,126,1
183,3,0,6,50,126,1
182,3,0,6,49,126,1
182,3,0,6,49,126,1
182,3,0,6,49,126,1
183,3,0,6,50,126,1
183,3,0,6,50,126,1
184,3,0,6,51,126,1
182,3,0,6,48,127,1
183,3,0,6,50,126,1
182,3,0,6,49,126,1
184,3,0,6,51,126,1
182,3,0,6,49,126,1
181,3,0,6,49,125,1
184,3,0,6,51,126,1
183,3,0,6,50,126,1
183,3,0,6,50,126,1
184,3,0,6,51,126,1
182,3,0,6,49,126,1
183,3,0,6,50,126,1
183,3,0,6,50,126,1
180,3,0,6,48,125,1
183,3,0,6,50,126,1
183,3,0,6,50,126,1
183,3,0,6,50,126,1
181,3,0,6,49,125,1
181,3,0,6,48,126,1
183,3,0,6,50,126,1
183,3,0,6,50,126,1
181,3,0,6,48,126,1
182,3,0,6,49,126,1
182,3,0,6,49,126,1
184,3,0,6,51,126,1
181,3,0,6,48,126,1
182,3,0,6,49,126,1
181,3,0,6,48,126,1
183,3,0,6,50,126,1
183,3,0,6,50,126,1
182,3,0,6,50,125,1
182,3,0,6,50,125,1
185,3,0,6,52,126,1
182,3,0,6,50,125,1
183,3,0,6,50,126,1
179,3,0,6,46,126,1
180,3,0,6,47,126,1
181,3,0,6,48,126,1
181,3,0,6,48,126,1
179,3,0,6,46,126,1
179,3,0,6,46,126,1
182,3,0,6,49,126,1
178,3,0,6,45,126,1
179,3,0,6,46,126,1
179,3,0,6,46,126,1
180,3,0,6,47,126,1
179,3,0,6,46,126,1
179,3,0,6,46,126,1
180,3,0,6,48,125,1
179,3,0,6,46,126,1
180,3,0,6,47,126,1
181,3,0,6,48,126,1
179,3,0,6,46,126,1
179,3,0,6,46,126,1
177,3,0,6,45,125,1
179,3,0,6,46,126,1
185,3,0,6,52,126,1
179,3,0,6,46,126,1
178,3,0,6,45,126,1
179,3,0,6,46,126,1
179,3,0,6,46,126,1
179,3,0,6,46,126,1
178,3,0,6,46,125,1
183,3,0,6,50,126,1
179,3,0,6,47,125,1
182,3,0,6,50,125,1
183,3,0,6,50,126,1
178,3,0,6,45,126,1
177,3,0,6,45,125,1
182,3,0,6,49,126,1
181,3,0,6,48,126,1
181,3,0,6,48,126,1
182,3,0,6,49,126,1
183,3,0,6,51,125,1
180,3,0,6,47,126,1
185,3,0,6,52,126,1
177,3,0,6,45,125,1
179,3,0,6,46,126,1
182,3,0,6,49,126,1
180,3,0,6,47,126,1
179,3,0,6,46,126,1
184,3,0,6,52,125,1
179,3,0,6,47,125,1
180,3,0,7,47,125,1
181,3,0,6,49,125,1
178,3,0,6,46,125,1
179,3,0,6,46,126,1
178,3,0,6,45,126,1
179,3,0,6,47,125,1
178,3,0,6,46,125,1
178,3,0,6,46,125,1
178,3,0,6,46,125,1
180,3,0,6,48,125,1
177,3,0,6,45,125,1
178,3,0,6,45,126,1
180,3,0,6,47,126,1
183,3,0,6,50,126,1
178,3,0,6,46,125,1
178,3,0,6,46,125,1
179,3,0,6,47,125,1
179,3,0,6,46,126,1
180,3,0,6,48,125,1
177,3,0,6,45,125,1
178,3,0,6,46,125,1
179,3,0,6,46,126,1
180,3,0,6,47,126,1
177,3,0,6,45,125,1
180,3,0,6,48,125,1
178,3,0,6,45,126,1
177,3,0,6,45,125,1
179,3,0,6,46,126,1
179,3,0,6,46,126,1
179,3,0,6,46,126,1
178,3,0,6,45,126,1
177,3,0,6,45,125,1
178,3,0,6,46,125,1
181,3,0,6,49,125,1
178,3,0,6,45,126,1
177,3,0,6,45,125,1
177,3,0,6,45,125,1
178,3,0,6,45,126,1
181,3,0,6,48,126,1
178,3,0,6,45,126,1
180,3,0,6,47,126,1
178,3,0,6,45,126,1
182,3,0,6,49,126,1
178,3,0,6,45,126,1
179,3,0,6,46,126,1
181,3,0,6,48,126,1
181,3,0,6,48,126,1
178,3,0,6,45,126,1
179,3,0,6,46,126,1
181,3,0,6,48,126,1
181,3,0,6,48,126,1
178,3,0,6,46,125,1
180,3,0,6,48,125,1
183,3,0,6,50,126,1
180,3,0,6,47,126,1
178,3,0,6,46,125,1
181,3,0,6,48,126,1
180,3,0,6,47,126,1
182,3,0,6,49,126,1
178,3,0,6,45,126,1
180,3,0,6,47,126,1
180,3,0,6,48,125,1
181,3,0,6,49,125,1
181,3,0,6,48,126,1
183,3,0,6,50,126,1
177,3,0,6,45,125,1
178,3,0,6,45,126,1
180,3,0,6,47,126,1
178,3,0,6,45,126,1
178,3,0,6,45,126,1
178,3,0,6,45,126,1
181,3,0,6,48,126,1
179,3,0,6,47,125,1
179,3,0,6,47,125,1
177,3,0,6,45,125,1
178,3,0,6,46,125,1
178,3,0,6,45,126,1
177,3,0,6,45,125,1
177,3,0,6,45,125,1
178,3,0,6,45,126,1
180,3,0,6,47,126,1
177,3,0,6,45,125,1
177,3,0,6,44,126,1
178,3,0,6,46,125,1
177,3,0,6,45,125,1
177,3,0,6,45,125,1
179,3,0,6,47,125,1
181,3,0,6,48,126,1
179,3,0,6,47,125,1
177,3,0,6,45,125,1
177,3,0,6,44,126,1
177,3,0,6,44,126,1
176,2,0,6,44,125,1
179,3,0,6,46,126,1
179,3,0,6,46,126,1
177,3,0,6,45,125,1
177,3,0,6,45,125,1
177,3,0,6,45,125,1
178,3,0,6,46,125,1
176,2,0,6,44,125,1
176,2,0,6,44,125,1
178,3,0,6,45,126,1
176,2,0,6,44,125,1
176,2,0,6,44,125,1
177,3,0,6,45,125,1
179,3,0,6,47,125,1
179,3,0,6,47,125,1
179,3,0,6,47,125,1
180,3,0,6,48,125,1
180,3,0,6,48,125,1
178,3,0,6,46,125,1
179,3,0,6,47,125,1
179,3,0,6,47,125,1
177,3,0,6,45,125,1
177,3,0,6,45,125,1
179,3,0,6,47,125,1
176,2,0,6,44,125,1
178,3,0,6,46,125,1
179,3,0,6,47,125,1
179,3,0,6,47,125,1
180,3,0,6,48,125,1
178,3,0,6,46,125,1
180,3,0,6,48,125,1
176,2,0,6,44,125,1
179,3,0,6,47,125,1
180,3,0,6,48,125,1
178,3,0,6,45,126,1
176,2,0,6,44,125,1
178,3,0,6,46,125,1
178,3,0,6,46,125,1
179,3,0,6,47,125,1
176,2,0,6,44,125,1
176,2,0,6,44,125,1
178,3,0,6,45,126,1
178,3,0,6,46,125,1
180,3,0,6,47,126,1
176,2,0,6,44,125,1
177,3,0,6,45,125,1
176,2,0,6,44,125,1
178,3,0,6,45,126,1
178,3,0,6,45,126,1
177,3,0,6,44,126,1
177,3,0,6,44,126,1
178,3,0,6,45,126,1
179,3,0,6,47,125,1
176,2,0,6,44,125,1
176,2,0,6,44,125,1
179,3,0,6,47,125,1
177,3,0,6,44,126,1
180,3,0,6,47,126,1
177,3,0,6,44,126,1
176,2,0,6,44,125,1
176,2,0,6,44,125,1
178,3,0,6,46,125,1
178,3,0,6,46,125,1
176,2,0,6,44,125,1
176,2,0,6,44,125,1
177,3,0,6,45,125,1
177,3,0,6,45,125,1
176,2,0,6,44,125,1
177,3,0,6,44,126,1
177,3,0,6,45,125,1
178,3,0,6,46,125,1
176,2,0,6,44,125,1
176,2,0,6,44,125,1
176,2,0,6,44,125,1
176,2,0,6,44,125,1
176,2,0,6,44,125,1
176,2,0,6,44,125,1
176,2,0,6,44,125,1
177,3,0,6,45,125,1
179,3,0,6,47,125,1
183,3,0,6,50,126,1
177,3,0,6,45,125,1
179,3,0,6,47,125,1
179,3,0,6,47,125,1
179,3,0,6,47,125,1
177,3,0,6,45,125,1
177,3,0,6,45,125,1
178,3,0,6,45,126,1
177,3,0,6,45,125,1
177,3,0,6,45,125,1
177,3,0,6,45,125,1
176,2,0,6,44,125,1
180,3,0,6,48,125,1
179,3,0,6,47,125,1
176,2,0,6,44,125,1
177,3,0,6,45,125,1
179,3,0,6,47,125,1
180,3,0,6,48,125,1
176,2,0,6,44,125,1
176,2,0,6,44,125,1
177,3,0,6,45,125,1
177,3,0,6,45,125,1
176,2,0,6,44,125,1
176,2,0,6,44,125,1
176,2,0,6,44,125,1
180,3,0,6,48,125,1
176,2,0,6,44,125,1
178,3,0,6,46,125,1
180,3,0,6,48,125,1
176,2,0,6,44,125,1
180,3,0,6,48,125,1
177,3,0,6,45,125,1
177,3,0,6,45,125,1
176,2,0,6,44,125,1
177,3,0,6,45,125,1
176,2,0,6,44,125,1
178,3,0,6,46,125,1
176,2,0,6,44,125,1
176,2,0,6,44,125,1
176,2,0,6,44,125,1
176,2,0,6,44,125,1
175,2,0,6,43,125,1
177,3,0,6,44,126,1
176,2,0,6,44,125,1
176,2,0,6,44,125,1
175,2,0,6,43,125,1
176,2,0,6,44,125,1
176,2,0,6,44,125,1
176,2,0,6,44,125,1
175,2,0,6,43,125,1
175,2,0,6,43,125,1
178,3,0,6,46,125,1
175,2,0,6,43,125,1
176,2,0,6,44,125,1
175,2,0,6,43,125,1
179,3,0,6,47,125,1
175,2,0,6,43,125,1
175,2,0,6,43,125,1
180,3,0,6,48,125,1
176,2,0,6,44,125,1
178,3,0,6,46,125,1
176,2,0,6,44,125,1
176,2,0,6,44,125,1
179,3,0,6,47,125,1
177,3,0,6,45,125,1
179,3,0,6,47,125,1
179,3,0,6,47,125,1
179,3,0,6,47,125,1
178,3,0,6,46,125,1
176,2,0,6,44,125,1
180,3,0,6,48,125,1
178,3,0,6,46,125,1
177,3,0,6,45,125,1
178,3,0,6,46,125,1
181,3,0,6,49,125,1
178,3,0,6,46,125,1
177,3,0,6,45,125,1
176,2,0,6,44,125,1
180,3,0,6,48,125,1
178,3,0,6,46,125,1
176,2,0,6,44,125,1
178,3,0,6,46,125,1
177,3,0,6,45,125,1
176,2,0,6,44,125,1
175,2,0,6,43,125,1
175,2,0,6,43,125,1
177,3,0,6,45,125,1
176,2,0,6,44,125,1
177,3,0,6,45,125,1
177,3,0,6,45,125,1
175,2,0,6,43,125,1
175,2,0,6,43,125,1
175,2,0,6,43,125,1
175,2,0,6,43,125,1
175,2,0,6,43,125,1
176,2,0,6,44,125,1
175,2,0,6,43,125,1
177,3,0,6,45,125,1
176,2,0,6,44,125,1
175,2,0,6,43,125,1
175,2,0,6,43,125,1
179,3,0,6,47,125,1
176,2,0,6,44,125,1
175,2,0,6,43,125,1
175,2,0,6,43,125,1
175,2,0,6,44,124,1
175,2,0,6,43,125,1
175,2,0,6,43,125,1
178,3,0,6,46,125,1
176,2,0,6,44,125,1
177,3,0,6,45,125,1
178,3,0,6,46,125,1
175,2,0,6,43,125,1
175,2,0,6,43,125,1
177,3,0,6,45,125,1
175,2,0,6,43,125,1
175,2,0,6,43,125,1
177,3,0,6,46,124,1
175,2,0,6,43,125,1
175,2,0,6,43,125,1
175,2,0,6,43,125,1
175,2,0,6,43,125,1
176,2,0,6,44,125,1
175,2,0,6,43,125,1
178,3,0,6,46,125,1
176,2,0,6,44,125,1
175,2,0,6,43,125,1
180,3,0,6,48,125,1
175,2,0,6,43,125,1
174,2,0,6,43,124,1
178,3,0,6,46,125,1
175,2,0,6,43,125,1
176,2,0,6,44,125,1
179,3,0,6,47,125,1
178,3,0,6,46,125,1
177,3,0,6,45,125,1
176,2,0,6,44,125,1
178,3,0,6,46,125,1
180,3,0,6,48,125,1
176,2,0,6,44,125,1
178,3,0,6,46,125,1
179,3,0,6,47,125,1
177,3,0,6,45,125,1
175,2,0,6,43,125,1
175,2,0,6,43,125,1
177,3,0,6,45,125,1
178,3,0,6,46,125,1
176,2,0,6,44,125,1
175,2,0,6,43,125,1
178,3,0,6,46,125,1
175,2,0,6,43,125,1
178,3,0,6,46,125,1
179,3,0,6,47,125,1
178,3,0,6,46,125,1
177,3,0,6,45,125,1
175,2,0,6,43,125,1
175,2,0,6,43,125,1
175,2,0,6,43,125,1
175,2,0,6,43,125,1
178,3,0,6,46,125,1
176,2,0,6,44,125,1
176,2,0,6,44,125,1
177,3,0,6,45,125,1
175,2,0,6,43,125,1
174,2,0,6,43,125,0
175,2,0,6,43,125,1
176,2,0,6,44,125,1
175,2,0,6,43,125,1
176,2,0,6,44,125,1
179,3,0,7,46,125,1
175,2,0,6,43,125,1
175,2,0,6,43,125,1
177,3,0,6,45,125,1
175,2,0,6,43,125,1
175,2,0,6,43,125,1
178,3,0,6,46,125,1
175,2,0,6,43,125,1
175,2,0,6,43,125,1
175,2,0,6,43,125,1
176,2,0,6,44,125,1
175,2,0,6,43,125,1
176,2,0,6,44,125,1
176,2,0,6,44,125,1
177,3,0,6,45,125,1
176,2,0,6,44,125,1
179,3,0,6,47,125,1
178,3,0,6,46,125,1
177,3,0,6,45,125,1
177,3,0,6,45,125,1
180,3,0,6,48,125,1
176,2,0,6,44,125,1
178,3,0,6,46,125,1
180,3,0,6,48,125,1
183,3,0,6,50,126,1
179,3,0,6,47,125,1
180,3,0,6,48,125,1
180,3,0,6,48,125,1
176,2,0,6,44,125,1
181,3,0,6,49,125,1
180,3,0,6,48,125,1
180,3,0,6,48,125,1
179,3,0,6,47,125,1
181,3,0,6,49,125,1
178,3,0,6,46,125,1
180,3,0,6,48,125,1
179,3,0,6,47,125,1
182,3,0,6,50,125,1
176,2,0,6,44,125,1
179,3,0,6,47,125,1
178,3,0,6,46,125,1
177,3,0,6,45,125,1
180,3,0,6,48,125,1
177,3,0,6,45,125,1
176,2,0,6,44,125,1
179,3,0,6,47,125,1
180,3,0,6,48,125,1
178,3,0,6,46,125,1
175,2,0,6,43,125,1
176,2,0,6,44,125,1
181,3,0,6,48,126,1
179,3,0,6,47,125,1
176,2,0,6,44,125,1
175,2,0,6,43,125,1
177,3,0,6,45,125,1
177,3,0,6,45,125,1
178,3,0,6,46,125,1
178,3,0,6,46,125,1
177,3,0,6,45,125,1
175,2,0,6,43,125,1
177,3,0,6,45,125,1
176,2,0,6,44,125,1
182,3,0,6,50,125,1
177,3,0,6,45,125,1
177,3,0,6,45,125,1
177,3,0,6,45,125,1
177,3,0,6,45,125,1
176,2,0,6,44,125,1
179,3,0,6,47,125,1
175,2,0,6,43,125,1
179,3,0,6,47,125,1
179,3,0,6,47,125,1
180,3,0,6,48,125,1
178,3,0,6,46,125,1
735,12,2,559,46,126,2
400,9,0,227,46,126,1
413,9,0,239,47,126,1
410,9,0,238,45,126,1
409,9,0,235,47,126,1
405,9,0,234,44,126,1
407,9,0,232,48,126,1
401,9,0,228,46,126,1
388,9,0,215,46,126,1
390,9,0,214,49,126,1
383,9,0,209,47,126,1
376,9,0,205,44,126,1
383,9,0,207,49,126,1
382,9,0,207,48,126,1
378,9,0,207,44,126,1
380,9,0,205,48,126,1
380,9,0,206,47,126,1
378,9,0,206,45,126,1
380,9,0,205,48,126,1
380,9,0,204,49,126,1
377,9,0,204,46,126,1
381,9,0,205,49,126,1
376,9,0,200,49,126,1
376,9,0,202,47,126,1
374,9,0,200,47,126,1
379,9,0,203,49,126,1
373,9,0,200,46,126,1
376,9,0,203,46,126,1
375,9,0,202,45,127,1
379,9,0,202,49,127,1
377,9,0,200,49,127,1
376,9,0,200,48,127,1
373,9,0,202,44,126,1
371,9,0,198,46,126,1
374,9,0,200,47,126,1
373,9,0,201,45,126,1
375,9,0,198,50,126,1
372,9,0,200,45,126,1
374,9,0,200,47,126,1
372,9,0,198,47,126,1
371,9,0,201,43,126,1
372,9,0,198,47,126,1
371,9,0,197,47,126,1
374,9,0,199,48,126,1
371,9,0,198,46,126,1
372,9,0,197,48,126,1
372,9,0,199,46,126,1
372,9,0,199,46,126,1
369,8,0,197,45,126,1
368,8,0,197,44,126,1
369,8,0,195,47,126,1
373,9,0,200,46,126,1
373,9,0,198,48,126,1
365,8,0,195,43,126,1
370,8,0,197,46,126,1
369,8,0,197,45,126,1
371,9,0,199,45,126,1
373,9,0,198,48,126,1
370,8,0,197,45,127,1
372,9,0,197,47,127,1
370,8,0,194,48,127,1
368,8,0,197,44,126,1
370,8,0,197,46,126,1
368,8,0,194,47,126,1
368,8,0,195,46,126,1
368,8,0,198,43,126,1
368,8,0,197,44,126,1
369,8,0,194,48,126,1
369,8,0,196,46,126,1
373,9,0,198,48,126,1
370,8,0,197,46,126,1
368,8,0,195,46,126,1
370,8,0,197,46,126,1
367,8,0,195,45,126,1
369,8,0,194,48,126,1
369,8,0,196,46,126,1
373,9,0,196,50,126,1
371,9,0,196,48,126,1
368,8,0,197,44,126,1
369,8,0,195,47,126,1
367,8,0,192,48,126,1
368,8,0,195,46,126,1
370,8,0,197,46,126,1
369,8,0,194,48,126,1
367,8,0,193,47,126,1
369,8,0,195,47,126,1
372,9,0,196,48,127,1
365,8,0,193,45,126,1
368,8,0,195,46,126,1
368,8,0,196,45,126,1
368,8,0,194,47,126,1
368,8,0,192,48,127,1
366,8,0,194,45,126,1
368,8,0,196,45,126,1
366,8,0,193,46,126,1
364,8,0,191,46,126,1
366,8,0,194,45,126,1
367,8,0,192,48,126,1
364,8,0,192,45,126,1
366,8,0,194,45,126,1
367,8,0,195,45,126,1
363,8,0,193,43,126,1
362,8,0,190,45,126,1
365,8,0,195,43,126,1
364,8,0,194,43,126,1
367,8,0,191,49,126,1
366,8,0,191,48,126,1
368,8,0,193,48,126,1
369,8,0,194,48,126,1
368,8,0,192,49,126,1
364,8,0,190,47,126,1
367,8,0,193,47,126,1
371,9,0,194,50,126,1
370,8,0,192,51,126,1
365,8,0,190,48,126,1
365,8,0,192,46,126,1
364,8,0,191,46,126,1
362,8,0,189,46,126,1
365,8,0,192,46,126,1
367,8,0,190,49,127,1
365,8,0,192,46,126,1
364,8,0,189,48,126,1
366,8,0,192,47,126,1
369,8,0,193,49,126,1
370,8,0,192,51,126,1
365,8,0,191,47,126,1
364,8,0,190,47,126,1
365,8,0,191,47,126,1
368,8,0,193,48,126,1
364,8,0,190,47,126,1
364,8,0,189,48,126,1
374,9,0,191,47,135,1
366,8,0,232,50,83,1
364,8,0,232,47,84,1
361,8,0,231,47,82,1
364,8,0,230,50,83,1
363,8,0,229,50,83,1
365,8,0,232,50,82,1
326,7,0,194,48,83,1
327,7,0,193,50,83,1
330,8,0,195,51,83,1
326,7,0,193,49,83,1
326,7,0,195,47,83,1
330,8,0,196,50,83,1
327,7,0,193,50,83,1
325,7,0,194,47,83,1
330,8,0,197,49,83,1
330,8,0,196,51,82,1
327,7,0,195,48,83,1
329,8,0,198,48,82,1
342,8,0,195,52,82,13
340,8,0,196,49,82,13
341,8,0,195,51,82,13
338,8,0,193,50,82,13
341,8,0,197,48,83,13
340,8,0,194,51,82,13
342,8,0,195,52,82,13
380,9,0,235,50,82,13
378,9,0,232,50,83,13
338,8,0,193,49,83,13
340,8,0,195,50,82,13
342,8,0,195,52,82,13
337,8,0,192,50,82,13
340,8,0,194,51,82,13
340,8,0,194,50,83,13
324,7,0,191,49,83,1
328,7,0,195,49,83,1
327,7,0,195,48,83,1
323,7,0,192,47,83,1
324,7,0,193,47,83,1
329,8,0,196,49,83,1
324,7,0,195,45,83,1
329,8,0,199,47,82,1
331,8,0,201,46,83,1
329,8,0,200,45,83,1
334,8,0,203,48,82,1
565,11,0,430,49,84,2
563,11,0,430,47,84,2
563,11,0,430,47,84,2
563,11,0,430,47,84,2
562,11,0,429,47,84,2
565,11,0,429,50,84,2
560,11,0,428,46,84,2
561,11,0,428,47,84,2
563,11,0,428,49,84,2
559,11,0,427,46,84,2
560,11,0,427,47,84,2
555,11,0,426,44,84,1
559,11,0,426,47,84,2
562,11,0,426,50,84,2
557,11,0,426,46,84,1
557,11,0,426,45,84,2
558,11,0,426,47,84,1
559,11,0,426,47,84,2
559,11,0,426,47,84,2
556,11,0,426,44,84,2
554,11,0,425,44,84,1
561,11,0,426,50,83,2
558,11,0,425,47,84,2
556,11,0,424,47,84,1
558,11,0,425,47,84,2
556,11,0,424,46,84,2
558,11,0,425,47,84,2
556,11,0,425,46,83,2
555,11,0,424,45,84,2
554,11,0,424,45,84,1
556,11,0,424,46,84,2
556,11,0,424,46,84,2
556,11,0,424,47,84,1
556,11,0,424,46,84,2
557,11,0,424,47,84,2
560,11,0,424,50,84,2
554,11,0,423,45,84,2
555,11,0,423,46,84,2
555,11,0,423,46,84,2
554,11,0,423,45,84,2
553,11,0,423,44,84,2
556,11,0,423,47,84,2
553,11,0,423,44,84,2
552,11,0,423,43,84,2
553,11,0,423,44,84,2
553,11,0,423,44,84,2
553,11,0,423,44,84,2
553,11,0,423,44,84,2
554,11,0,423,45,84,2
553,11,0,423,44,84,2
554,11,0,423,45,84,2
553,11,0,423,44,84,2
551,11,0,422,43,84,2
553,11,0,422,45,84,2
551,11,0,423,42,84,2
551,11,0,422,43,84,2
550,11,0,422,42,84,2
550,11,0,422,42,84,2
552,11,0,423,43,84,2
554,11,0,423,45,84,2
552,11,0,422,44,84,2
551,11,0,422,44,83,2
551,11,0,422,43,84,2
550,11,0,422,43,84,1
589,11,0,461,42,84,2
589,11,0,461,43,83,2
590,11,0,462,42,84,2
590,11,0,462,42,84,2
591,11,0,462,43,84,2
551,11,0,421,45,83,2
549,11,0,422,42,84,1
552,11,0,421,45,84,2
550,11,0,421,44,83,2
549,11,0,421,42,84,2
548,11,0,422,43,82,1
551,11,0,421,44,84,2
550,11,0,421,43,84,2
552,11,0,421,46,84,1
550,11,0,421,43,84,2
551,11,0,422,43,84,2
553,11,0,422,45,84,2
550,11,0,422,43,83,2
552,11,0,422,44,84,2
552,11,0,422,44,84,2
555,11,0,422,47,84,2
555,11,0,422,47,84,2
552,11,0,422,44,84,2
555,11,0,422,47,84,2
552,11,0,422,44,84,2
553,11,0,422,46,83,2
553,11,0,421,47,83,2
556,11,0,422,48,84,2
552,11,0,423,44,84,1
555,11,0,423,46,84,2
553,11,0,422,45,84,2
553,11,0,423,44,84,2
552,11,0,423,43,84,2
558,11,0,423,49,84,2
553,11,0,423,44,84,2
552,11,0,423,43,84,2
555,11,0,423,46,84,2
555,11,0,423,46,84,2
555,11,0,423,47,84,1
554,11,0,423,45,84,2
553,11,0,423,44,84,2
553,11,0,423,45,83,2
554,11,0,423,45,84,2
551,11,0,424,42,83,2
552,11,0,423,43,84,2
552,11,0,423,43,84,2
553,11,0,423,44,84,2
554,11,0,423,45,84,2
552,11,0,423,43,84,2
554,11,0,423,46,84,1
553,11,0,423,44,84,2
556,11,0,423,47,84,2
551,11,0,423,42,84,2
551,11,0,423,43,84,1
551,11,0,423,43,84,1
552,11,0,423,43,84,2
551,11,0,423,42,84,2
556,11,0,423,47,84,2
554,11,0,423,45,84,2
552,11,0,423,43,84,2
552,11,0,423,43,84,2
553,11,0,423,45,84,1
555,11,0,423,46,84,2
552,11,0,423,43,84,2
552,11,0,423,43,84,2
554,11,0,423,45,84,2
551,11,0,423,43,84,1
552,11,0,423,44,84,1
553,11,0,423,45,84,1
552,11,0,423,43,84,2
553,11,0,424,43,84,2
552,11,0,423,43,84,2
551,11,0,423,43,84,1
551,11,0,423,42,84,2
552,11,0,423,43,84,2
552,11,0,423,45,83,1
551,11,0,422,43,84,2
553,11,0,422,45,84,2
551,11,0,422,43,84,2
550,11,0,422,43,84,1
553,11,0,422,46,84,1
550,11,0,422,43,84,1
552,11,0,422,45,84,1
553,11,0,422,45,84,2
552,11,0,422,44,84,2
555,11,0,422,47,84,2
553,11,0,422,45,84,2
551,11,0,422,43,84,2
554,11,0,422,47,84,1
554,11,0,422,47,83,2
554,11,0,422,46,84,2
552,11,0,422,45,84,1
552,11,0,422,45,84,1
557,11,0,423,48,84,2
554,11,0,422,46,84,2
552,11,0,423,44,83,2
555,11,0,423,46,84,2
554,11,0,422,46,84,2
555,11,0,422,47,84,2
552,11,0,422,44,84,2
553,11,0,422,45,84,2
556,11,0,422,48,84,2
551,11,0,422,43,84,2
551,11,0,422,43,84,2
552,11,0,423,43,84,2
551,11,0,422,43,84,2
550,11,0,422,43,84,1
553,11,0,423,45,84,1
552,11,0,423,43,84,2
554,11,0,423,45,84,2
551,11,0,423,43,84,1
551,11,0,422,43,84,2
553,11,0,423,44,84,2
553,11,0,423,44,84,2
551,11,0,423,43,84,1
554,11,0,424,44,84,2
553,11,0,424,43,84,2
552,11,0,423,43,84,2
552,11,0,423,43,84,2
552,11,0,423,43,84,2
551,11,0,423,42,84,2
552,11,0,423,43,84,2
554,11,0,423,45,84,2
552,11,0,423,43,84,2
552,11,0,423,43,84,2
552,11,0,423,43,84,2
552,11,0,423,43,84,2
552,11,0,423,44,84,1
554,11,0,421,47,84,2
552,11,0,423,43,84,2
553,11,0,423,44,84,2
551,11,0,422,43,84,2
552,11,0,423,43,84,2
552,11,0,423,43,84,2
552,11,0,423,43,84,2
553,11,0,423,43,85,2
552,11,0,423,43,84,2
552,11,0,423,43,84,2
552,11,0,423,43,84,2
553,11,0,423,45,83,2
551,11,0,423,42,84,2
551,11,0,423,43,84,1
554,11,0,423,46,84,1
552,11,0,423,43,84,2
553,11,0,423,44,84,2
555,11,0,423,46,84,2
555,11,0,423,46,84,2
555,11,0,423,46,84,2
556,11,0,423,47,84,2
557,11,0,423,48,84,2
554,11,0,423,45,84,2
553,11,0,423,44,84,2
554,11,0,423,46,84,1
551,11,0,423,43,84,1
551,11,0,423,42,84,2
554,11,0,423,46,84,1
555,11,0,423,46,84,2
551,11,0,423,42,84,2
554,11,0,423,46,83,2
555,11,0,423,46,84,2
133,1,0,7,42,83,1
135,1,0,7,45,82,1
134,1,0,7,44,82,1
133,1,0,7,43,82,1
132,1,0,7,42,82,1
137,1,0,7,47,82,1
133,1,0,7,43,82,1
133,1,0,7,43,82,1
132,1,0,7,41,83,1
134,1,0,7,44,82,1
133,1,0,7,42,83,1
134,1,0,7,44,82,1
133,1,0,7,42,83,1
132,1,0,7,43,81,1
133,1,0,7,43,82,1
134,1,0,7,44,82,1
133,1,0,7,43,82,1
132,1,0,7,42,82,1
131,1,0,7,42,81,1
133,1,0,7,42,83,1
134,1,0,7,44,82,1
134,1,0,7,44,82,1
133,1,0,7,42,83,1
133,1,0,7,43,82,1
132,1,0,7,42,82,1
134,1,0,7,43,83,1
130,1,0,7,41,81,1
133,1,0,6,43,83,1
132,1,0,6,44,81,1
133,1,0,7,42,83,1
133,1,0,7,43,82,1
132,1,0,7,42,82,1
133,1,0,7,43,82,1
132,1,0,7,42,82,1
134,1,0,7,44,82,1
131,1,0,7,41,82,1
134,1,0,7,44,82,1
131,1,0,7,41,82,1
135,1,0,7,45,82,1
132,1,0,7,42,82,1
135,1,0,7,44,83,1
132,1,0,7,42,82,1
135,1,0,7,44,83,1
134,1,0,7,44,82,1
133,1,0,7,42,83,1
132,1,0,7,42,82,1
134,1,0,7,43,83,1
132,1,0,7,42,82,1
135,1,0,7,44,83,1
134,1,0,7,43,83,1
134,1,0,7,44,82,1
133,1,0,7,43,82,1
131,1,0,7,41,82,1
132,1,0,7,42,82,1
142,2,0,7,52,82,1
132,1,0,7,42,82,1
136,1,0,7,45,83,1
135,1,0,7,44,83,1
132,1,0,7,42,82,1
136,1,0,7,45,83,1
132,1,0,7,42,82,1
135,1,0,6,45,83,1
135,1,0,7,45,82,1
142,2,0,7,51,83,1
137,1,0,7,46,83,1
136,1,0,7,45,83,1
137,1,0,7,47,82,1
137,1,0,7,46,83,1
134,1,0,7,43,83,1
133,1,0,7,42,83,1
132,1,0,7,42,82,1
132,1,0,7,42,82,1
132,1,0,7,42,82,1
132,1,0,7,41,83,1
133,1,0,7,43,82,1
133,1,0,7,42,83,1
132,1,0,7,42,82,1
133,1,0,7,42,83,1
132,1,0,7,42,82,1
134,1,0,7,43,83,1
133,1,0,7,43,82,1
133,1,0,7,42,83,1
133,1,0,7,42,83,1
133,1,0,6,44,82,1
131,1,0,7,42,81,1
132,1,0,7,42,82,1
132,1,0,6,42,83,1
132,1,0,7,42,82,1
132,1,0,7,42,82,1
131,1,0,7,42,81,1
134,1,0,7,44,82,1
133,1,0,7,42,83,1
134,1,0,7,44,82,1
133,1,0,7,42,83,1
132,1,0,7,41,83,1
135,1,0,7,44,83,1
134,1,0,7,44,82,1
131,1,0,7,42,81,1
131,1,0,7,42,81,1
131,1,0,7,42,81,1
132,1,0,7,42,82,1
131,1,0,7,42,81,1
134,1,0,7,43,83,1
133,1,0,7,42,83,1
132,1,0,7,42,82,1
134,1,0,7,44,82,1
133,1,0,7,42,83,1
132,1,0,7,42,82,1
130,1,0,6,41,82,1
131,1,0,7,41,82,1
134,1,0,7,44,82,1
133,1,0,7,43,82,1
129,1,0,6,41,81,1
139,1,0,7,48,83,1
134,1,0,7,44,82,1
133,1,0,7,43,82,1
138,1,0,7,48,82,1
135,1,0,7,45,82,1
131,1,0,7,42,81,1
136,1,0,7,45,83,1
134,1,0,7,45,81,1
130,1,0,6,42,81,1
136,1,0,7,46,82,1
136,1,0,7,46,82,1
132,1,0,7,42,82,1
132,1,0,7,42,82,1
135,1,0,7,45,82,1
135,1,0,7,44,83,1
134,1,0,7,43,83,1
134,1,0,7,45,81,1
135,1,0,7,45,82,1
135,1,0,7,44,83,1
137,1,0,7,48,81,1
133,1,0,6,44,82,1
134,1,0,7,44,82,1
131,1,0,7,42,81,1
131,1,0,7,42,81,1
132,1,0,7,42,82,1
132,1,0,7,42,82,1
134,1,0,7,43,83,1
133,1,0,7,42,83,1
131,1,0,7,42,81,1
132,1,0,7,42,82,1
130,1,0,7,41,81,1
130,1,0,7,41,81,1
133,1,0,7,43,82,1
131,1,0,7,42,81,1
135,1,0,7,46,81,1
131,1,0,7,42,81,1
132,1,0,7,42,82,1
134,1,0,7,44,82,1
131,1,0,6,42,82,1
134,1,0,7,43,83,1
131,1,0,6,42,82,1
132,1,0,7,42,82,1
131,1,0,7,42,81,1
131,1,0,7,42,81,1
132,1,0,7,42,82,1
130,1,0,7,41,81,1
133,1,0,7,42,83,1
131,1,0,7,42,81,1
131,1,0,7,41,82,1
132,1,0,7,43,81,1
133,1,0,7,44,81,1
132,1,0,7,42,82,1
133,1,0,7,42,83,1
131,1,0,7,41,82,1
134,1,0,7,44,82,1
132,1,0,7,42,82,1
131,1,0,6,42,82,1
131,1,0,7,42,81,1
132,1,0,7,43,81,1
132,1,0,7,43,81,1
135,1,0,7,44,83,1
132,1,0,7,43,81,1
133,1,0,6,44,82,1
139,1,0,7,48,83,1
132,1,0,7,42,82,1
132,1,0,7,43,81,1
135,1,0,7,45,82,1
133,1,0,7,43,82,1
135,1,0,7,45,82,1
135,1,0,7,44,83,1
135,1,0,7,46,81,1
131,1,0,7,42,81,1
133,1,0,7,42,83,1
135,1,0,7,46,81,1
135,1,0,7,45,82,1
134,1,0,7,43,83,1
134,1,0,7,44,82,1
135,1,0,7,46,81,1
134,1,0,6,44,83,1
135,1,0,7,46,81,1
135,1,0,7,45,82,1
133,1,0,7,44,81,1
132,1,0,7,42,82,1
130,1,0,7,41,81,1
132,1,0,7,42,82,1
131,1,0,7,42,81,1
130,1,0,6,42,81,1
133,1,0,7,43,82,1
133,1,0,7,44,81,1
133,1,0,7,43,82,1
132,1,0,7,43,81,1
132,1,0,7,42,82,1
133,1,0,7,44,81,1
132,1,0,7,42,82,1
132,1,0,7,42,82,1
131,1,0,7,42,81,1
133,1,0,7,42,83,1
132,1,0,7,42,82,1
131,1,0,7,41,82,1
131,1,0,7,42,81,1
132,1,0,7,41,83,1
134,1,0,7,44,82,1
132,1,0,7,42,82,1
131,1,0,7,41,82,1
132,1,0,7,42,82,1
132,1,0,7,43,81,1
131,1,0,7,41,82,1
134,1,0,7,44,82,1
134,1,0,7,44,82,1
132,1,0,7,42,82,1
133,1,0,7,43,82,1
133,1,0,7,44,81,1
134,1,0,7,45,81,1
131,1,0,7,41,82,1
132,1,0,7,41,83,1
135,1,0,7,44,83,1
132,1,0,7,42,82,1
131,1,0,7,42,81,1
131,1,0,7,42,81,1
134,1,0,7,44,82,1
132,1,0,7,42,82,1
132,1,0,7,43,81,1
134,1,0,7,44,82,1
131,1,0,7,42,81,1
132,1,0,7,42,82,1
134,1,0,7,45,81,1
133,1,0,7,44,81,1
136,1,0,7,47,81,1
135,1,0,7,46,81,1
136,1,0,7,46,82,1
132,1,0,7,42,82,1
134,1,0,7,44,82,1
134,1,0,7,45,81,1
132,1,0,7,43,81,1
130,1,0,7,41,81,1
132,1,0,7,42,82,1
137,1,0,7,47,82,1
132,1,0,7,43,81,1
131,1,0,7,41,82,1
134,1,0,7,45,81,1
134,1,0,7,44,82,1
130,1,0,6,42,81,1
134,1,0,7,45,81,1
130,1,0,7,41,81,1
136,1,0,7,46,82,1
136,1,0,7,46,82,1
132,1,0,7,43,81,1
131,1,0,7,41,82,1
131,1,0,7,42,81,1
133,1,0,7,43,82,1
132,1,0,7,42,82,1
130,1,0,7,41,81,1
134,1,0,7,44,82,1
132,1,0,7,42,82,1
132,1,0,6,44,81,1
131,1,0,6,42,82,1
131,1,0,7,41,82,1
130,1,0,7,41,81,1
132,1,0,7,42,82,1
132,1,0,7,42,82,1
132,1,0,7,42,82,1
134,1,0,7,44,82,1
130,1,0,7,41,81,1
132,1,0,7,42,82,1
133,1,0,6,44,82,1
131,1,0,7,42,81,1
135,1,0,7,45,82,1
130,1,0,7,41,81,1
392,9,0,265,43,83,1
393,9,0,267,42,83,1
389,9,0,263,42,83,1
384,9,0,256,44,83,1
373,9,0,247,42,83,1
366,8,0,241,42,82,1
359,8,0,233,42,83,1
353,8,0,227,43,82,1
346,8,0,220,42,83,1
342,8,0,217,42,82,1
346,8,0,218,44,83,1
346,8,0,220,42,83,1
347,8,0,222,42,82,1
351,8,0,225,42,83,1
353,8,0,227,42,83,1
353,8,0,226,43,83,1
350,8,0,224,42,83,1
351,8,0,223,44,83,1
350,8,0,224,42,83,1
347,8,0,222,42,82,1
345,8,0,218,44,82,1
344,8,0,217,43,83,1
346,8,0,220,42,83,1
353,8,0,220,50,82,1
347,8,0,218,46,82,1
342,8,0,215,43,83,1
342,8,0,215,43,83,1
347,8,0,219,44,83,1
344,8,0,218,43,82,1
341,8,0,213,45,82,1
345,8,0,215,46,83,1
346,8,0,217,45,83,1
342,8,0,216,43,82,1
343,8,0,213,46,83,1
345,8,0,215,46,83,1
343,8,0,217,42,83,1
340,8,0,215,41,83,1
339,8,0,212,43,83,1
338,8,0,213,42,82,1
345,8,0,216,45,83,1
346,8,0,216,46,83,1
343,8,0,213,47,82,1
340,8,0,212,44,83,1
343,8,0,215,45,82,1
337,8,0,212,42,82,1
341,8,0,215,42,83,1
340,8,0,211,45,83,1
338,8,0,211,42,84,1
340,8,0,215,42,82,1
337,8,0,211,42,83,1
336,8,0,210,43,82,1
341,8,0,213,44,83,1
335,8,0,210,41,83,1
336,8,0,211,42,82,1
340,8,0,213,42,84,1
337,8,0,212,42,82,1
336,8,0,211,42,82,1
338,8,0,209,45,83,1
341,8,0,213,44,83,1
334,8,0,208,42,83,1
334,8,0,209,41,83,1
341,8,0,212,46,82,1
334,8,0,208,43,82,1
339,8,0,210,45,83,1
335,8,0,209,42,83,1
337,8,0,212,42,82,1
336,8,0,208,44,83,1
337,8,0,209,44,83,1
336,8,0,211,42,82,1
333,8,0,207,43,82,1
336,8,0,210,43,82,1
334,8,0,209,42,82,1
335,8,0,209,42,83,1
330,8,0,206,41,82,1
335,8,0,210,41,83,1
333,8,0,207,42,83,1
336,8,0,207,45,83,1
335,8,0,209,42,83,1
332,8,0,206,42,83,1
334,8,0,209,42,82,1
332,8,0,207,42,82,1
334,8,0,207,43,83,1
335,8,0,209,42,83,1
335,8,0,206,45,83,1
331,8,0,206,41,83,1
336,8,0,207,45,83,1
330,8,0,205,41,83,1
334,8,0,205,45,83,1
333,8,0,208,42,82,1
331,8,0,204,44,82,1
331,8,0,204,43,83,1
333,8,0,207,43,82,1
335,8,0,207,45,82,1
331,8,0,205,42,83,1
337,8,0,208,45,83,1
334,8,0,204,47,82,1
335,8,0,207,44,83,1
336,8,0,205,47,83,1
339,8,0,205,50,83,1
335,8,0,206,45,83,1
330,8,0,203,43,83,1
338,8,0,208,46,83,1
330,8,0,203,43,83,1
329,8,0,203,42,83,1
335,8,0,206,45,83,1
331,8,0,205,42,83,1
329,8,0,204,42,82,1
335,8,0,206,45,83,1
331,8,0,203,44,83,1
332,8,0,207,42,82,1
331,8,0,206,42,82,1
327,7,0,202,42,82,1
333,8,0,206,44,82,1
329,8,0,202,44,82,1
334,8,0,205,45,83,1
332,8,0,204,44,83,1
330,8,0,203,44,82,1
330,8,0,204,43,82,1
330,8,0,204,42,83,1
330,8,0,204,43,82,1
329,8,0,203,42,83,1
331,8,0,203,45,82,1
331,8,0,205,42,83,1
327,7,0,202,42,82,1
330,8,0,205,41,83,1
328,7,0,202,42,83,1
331,8,0,205,42,83,1
332,8,0,201,47,83,1
332,8,0,205,42,84,1
327,7,0,201,42,83,1
324,7,0,200,41,82,1
332,8,0,205,42,84,1
330,8,0,200,45,84,1
336,8,0,205,47,83,1
328,7,0,200,44,83,1
329,8,0,204,42,82,1
329,8,0,203,42,83,1
328,7,0,201,43,83,1
329,8,0,203,41,84,1
328,7,0,201,43,83,1
329,8,0,203,42,83,1
329,8,0,201,43,84,1
332,8,0,202,45,84,1
328,7,0,201,43,83,1
330,8,0,203,43,83,1
329,8,0,201,44,83,1
328,7,0,202,42,83,1
328,7,0,201,43,83,1
328,7,0,202,42,83,1
327,7,0,201,42,83,1
325,7,0,200,42,82,1
330,8,0,203,43,83,1
330,8,0,200,47,82,1
328,7,0,202,42,83,1
325,7,0,200,42,82,1
332,8,0,202,46,83,1
325,7,0,199,42,83,1
331,8,0,203,44,83,1
333,8,0,199,50,83,1
330,8,0,203,44,82,1
324,7,0,199,42,82,1
332,8,0,202,46,83,1
329,8,0,199,46,83,1
329,8,0,202,44,82,1
325,7,0,199,42,83,1
331,8,0,203,44,83,1
330,8,0,203,43,83,1
328,7,0,198,46,83,1
330,8,0,203,44,82,1
324,7,0,198,42,83,1
326,7,0,201,42,82,1
326,7,0,199,42,84,1
329,8,0,203,42,83,1
322,7,0,198,41,82,1
329,8,0,200,45,83,1
327,7,0,200,42,84,1
328,7,0,201,43,83,1
323,7,0,197,42,83,1
327,7,0,202,41,83,1
323,7,0,198,42,82,1
327,7,0,202,42,82,1
324,7,0,198,42,83,1
324,7,0,198,42,83,1
327,7,0,200,43,83,1
325,7,0,199,43,82,1
327,7,0,200,43,83,1
326,7,0,200,42,83,1
325,7,0,198,44,82,1
327,7,0,201,42,83,1
324,7,0,198,42,83,1
326,7,0,200,43,82,1
323,7,0,197,42,83,1
326,7,0,200,42,83,1
326,7,0,200,43,82,1
326,7,0,198,44,83,1
326,7,0,199,42,84,1
326,7,0,201,41,83,1
325,7,0,196,45,83,1
329,8,0,201,44,83,1
322,7,0,197,42,82,1
325,7,0,200,41,83,1
323,7,0,198,42,82,1
325,7,0,198,42,84,1
326,7,0,199,43,83,1
325,7,0,199,42,83,1
326,7,0,196,46,83,1
327,7,0,200,42,84,1
323,7,0,197,42,83,1
329,8,0,200,45,83,1
324,7,0,198,42,83,1
324,7,0,198,42,83,1
329,8,0,200,45,83,1
325,7,0,196,46,82,1
329,8,0,200,44,84,1
328,7,0,199,45,83,1
328,7,0,198,47,82,1
327,7,0,198,45,83,1
324,7,0,198,43,82,1
328,7,0,196,48,83,1
325,7,0,199,43,82,1
323,7,0,196,43,83,1
328,7,0,200,45,82,1
328,7,0,199,45,83,1
323,7,0,197,42,83,1
324,7,0,197,43,83,1
330,8,0,199,47,83,1
321,7,0,196,42,82,1
325,7,0,198,43,83,1
326,7,0,197,46,82,1
326,7,0,197,45,83,1
322,7,0,195,43,83,1
326,7,0,199,43,83,1
325,7,0,196,45,83,1
326,7,0,198,44,83,1
323,7,0,197,42,83,1
325,7,0,196,44,84,1
328,7,0,199,46,82,1
326,7,0,194,47,84,1
326,7,0,198,44,83,1
320,7,0,195,41,83,1
323,7,0,197,42,83,1
327,7,0,198,44,84,1
324,7,0,198,42,83,1
324,7,0,195,45,83,1
321,7,0,197,41,82,1
323,7,0,197,43,82,1
321,7,0,195,42,83,1
324,7,0,198,43,82,1
323,7,0,197,43,82,1
323,7,0,197,42,83,1
322,7,0,195,43,83,1
324,7,0,199,42,82,1
322,7,0,195,42,84,1
325,7,0,197,45,82,1
324,7,0,195,45,83,1
323,7,0,196,43,83,1
325,7,0,197,44,83,1
320,7,0,194,43,82,1
323,7,0,198,42,82,1
320,7,0,194,42,83,1
324,7,0,196,45,82,1
321,7,0,195,42,83,1
321,7,0,196,42,82,1
323,7,0,196,43,83,1
320,7,0,194,43,82,1
326,7,0,198,44,83,1
320,7,0,194,42,83,1
321,7,0,196,42,82,1
323,7,0,196,43,83,1
322,7,0,196,42,83,1
324,7,0,193,47,83,1
323,7,0,198,41,83,1
321,7,0,194,43,83,1
326,7,0,196,46,83,1
325,7,0,196,45,83,1
321,7,0,193,44,83,1
322,7,0,196,42,83,1
322,7,0,193,45,83,1
327,7,0,197,45,84,1
320,7,0,194,42,83,1
326,7,0,196,46,83,1
326,7,0,196,46,83,1
319,7,0,193,43,82,1
319,7,0,193,43,82,1
321,7,0,193,45,82,1
328,7,0,196,48,83,1
322,7,0,196,42,83,1
323,7,0,193,46,83,1
320,7,0,193,42,84,1
322,7,0,197,42,82,1
324,7,0,194,46,83,1
327,7,0,195,47,84,1
325,7,0,197,43,84,1
322,7,0,194,45,82,1
323,7,0,195,45,82,1
319,7,0,192,43,83,1
322,7,0,195,42,84,1
321,7,0,195,42,83,1
323,7,0,193,46,83,1
323,7,0,197,42,83,1
320,7,0,193,43,83,1
324,7,0,195,44,84,1
320,7,0,195,42,82,1
321,7,0,192,45,83,1
322,7,0,196,42,83,1
319,7,0,193,42,83,1
322,7,0,194,44,83,1
321,7,0,196,41,83,1
318,7,0,192,43,82,1
321,7,0,195,42,83,1
318,7,0,192,43,82,1
322,7,0,196,42,83,1
318,7,0,192,42,83,1
320,7,0,194,42,83,1
324,7,0,195,45,83,1
320,7,0,194,42,83,1
320,7,0,194,42,83,1
316,7,0,191,41,83,1
321,7,0,196,41,83,1
319,7,0,193,42,83,1
319,7,0,193,43,82,1
322,7,0,195,44,82,1
318,7,0,191,43,83,1
321,7,0,194,43,83,1
319,7,0,193,43,82,1
320,7,0,195,42,82,1
316,7,0,192,41,82,1
319,7,0,193,41,84,1
324,7,0,195,46,82,1
320,7,0,193,44,82,1
319,7,0,193,42,83,1
320,7,0,193,43,83,1
318,7,0,191,43,83,1
319,7,0,194,42,82,1
321,7,0,195,42,83,1
320,7,0,195,42,82,1
324,7,0,192,48,83,1
324,7,0,193,46,84,1
322,7,0,195,42,84,1
319,7,0,191,43,84,1
322,7,0,194,44,83,1
317,7,0,191,42,83,1
321,7,0,193,45,82,1
324,7,0,193,47,83,1
322,7,0,191,47,83,1
324,7,0,194,45,84,1
321,7,0,193,44,83,1
316,7,0,191,42,82,1
325,7,0,194,47,83,1
319,7,0,193,43,82,1
320,7,0,192,44,83,1
323,7,0,194,46,82,1
319,7,0,193,43,82,1
319,7,0,191,45,82,1
321,7,0,194,44,82,1
322,7,0,193,44,84,1
324,7,0,194,46,83,1
317,7,0,191,42,83,1
318,7,0,192,42,83,1
319,7,0,193,43,82,1
315,7,0,190,41,83,1
317,7,0,192,41,83,1
319,7,0,192,42,84,1
321,7,0,193,44,83,1
318,7,0,191,43,83,1
322,7,0,191,46,84,1
319,7,0,192,43,83,1
320,7,0,191,45,83,1
317,7,0,190,42,84,1
319,7,0,193,42,83,1
321,7,0,193,43,84,1
316,7,0,189,43,83,1
319,7,0,193,43,82,1
317,7,0,190,43,83,1
322,7,0,192,46,83,1
318,7,0,192,42,83,1
319,7,0,190,44,84,1
320,7,0,192,43,84,1
317,7,0,191,42,83,1
316,7,0,189,44,82,1
319,7,0,192,43,83,1
317,7,0,191,42,83,1
322,7,0,192,45,84,1
321,7,0,192,45,83,1
319,7,0,189,45,84,1
321,7,0,192,45,83,1
320,7,0,192,44,83,1
319,7,0,189,47,82,1
320,7,0,192,44,83,1
317,7,0,189,45,82,1
321,7,0,191,46,83,1
323,7,0,192,47,83,1
317,7,0,189,45,82,1
320,7,0,191,45,83,1
320,7,0,192,45,82,1
320,7,0,189,47,83,1
320,7,0,190,45,84,1
322,7,0,193,45,83,1
318,7,0,189,45,83,1
322,7,0,190,48,83,1
323,7,0,191,48,83,1
322,7,0,191,46,84,1
325,7,0,193,47,84,1
320,7,0,190,46,83,1
319,7,0,189,45,84,1
323,7,0,190,48,84,1
324,7,0,192,47,84,1
317,7,0,189,45,82,1
321,7,0,191,45,84,1
320,7,0,189,47,83,1
324,7,0,191,49,83,1
324,7,0,192,49,82,1
316,7,0,188,45,82,1
319,7,0,188,47,83,1
321,7,0,191,47,82,1
320,7,0,190,46,83,1
320,7,0,189,47,83,1
325,7,0,191,50,83,1
327,7,0,192,51,83,1
322,7,0,192,47,82,1
323,7,0,192,47,83,1
318,7,0,189,45,83,1
317,7,0,188,45,83,1
320,7,0,191,45,83,1
319,7,0,190,45,83,1
316,7,0,187,45,83,1
320,7,0,190,47,82,1
320,7,0,190,47,82,1
320,7,0,192,45,82,1
316,7,0,188,45,82,1
318,7,0,189,45,83,1
323,7,0,191,49,82,1
318,7,0,190,45,82,1
317,7,0,187,46,83,1
318,7,0,189,44,84,1
318,7,0,190,45,82,1
315,7,0,187,44,83,1
318,7,0,189,45,83,1
318,7,0,189,45,83,1
315,7,0,187,44,83,1
318,7,0,188,46,83,1
317,7,0,190,44,82,1
317,7,0,188,45,83,1
315,7,0,186,45,83,1
317,7,0,189,45,82,1
317,7,0,190,44,82,1
314,7,0,186,44,83,1
358,8,0,228,47,82,1
357,8,0,228,45,83,1
362,8,0,230,48,83,1
362,8,0,228,49,84,1
318,7,0,189,45,83,1
316,7,0,187,45,83,1
317,7,0,189,44,83,1
315,7,0,187,45,82,1
317,7,0,189,44,83,1
322,7,0,191,47,83,1
316,7,0,188,45,82,1
319,7,0,191,45,82,1
323,7,0,190,47,83,3
328,7,0,187,46,82,13
330,8,0,190,44,83,13
331,8,0,189,47,82,13
329,8,0,189,45,82,13
333,8,0,192,46,82,13
331,8,0,188,48,82,13
328,7,0,190,43,82,13
328,7,0,188,44,83,13
335,8,0,192,47,83,13
316,7,0,188,44,83,1
315,7,0,188,43,83,1
356,8,0,230,42,83,1
360,8,0,231,45,83,1
320,7,0,190,46,83,1
317,7,0,188,45,83,1
314,7,0,188,43,82,1
317,7,0,191,43,82,1
314,7,0,188,42,83,1
313,7,0,187,42,83,1
325,7,0,192,49,83,1
317,7,0,189,44,83,1
316,7,0,186,46,83,1
318,7,0,190,44,83,1
315,7,0,188,43,83,1
318,7,0,189,45,83,1
315,7,0,189,42,83,1
315,7,0,189,42,83,1
311,7,0,186,41,83,1
316,7,0,190,42,83,1
313,7,0,188,41,83,1
313,7,0,187,42,83,1
315,7,0,189,42,83,1
315,7,0,190,41,83,1
317,7,0,188,46,82,1
317,7,0,189,45,82,1
316,7,0,190,42,83,1
314,7,0,187,43,83,1
315,7,0,189,43,82,1
312,7,0,186,42,83,1
313,7,0,186,43,83,1
313,7,0,187,42,83,1
318,7,0,190,44,83,1
313,7,0,187,42,83,1
316,7,0,190,42,83,1
314,7,0,187,44,82,1
310,7,0,185,41,83,1
313,7,0,187,42,83,1
313,7,0,186,43,83,1
311,7,0,186,42,82,1
313,7,0,187,42,83,1
315,7,0,190,41,83,1
312,7,0,187,42,82,1
316,7,0,188,44,83,1
314,7,0,189,42,82,1
311,7,0,185,42,83,1
311,7,0,187,41,82,1
314,7,0,189,42,82,1
312,7,0,187,42,82,1
310,7,0,185,41,83,1
315,7,0,189,42,83,1
315,7,0,188,43,83,1
311,7,0,185,42,83,1
314,7,0,186,44,83,1
313,7,0,187,42,83,1
312,7,0,186,42,83,1
316,7,0,188,45,82,1
312,7,0,187,42,82,1
312,7,0,185,43,83,1
315,7,0,187,44,83,1
314,7,0,188,42,83,1
313,7,0,185,43,84,1
313,7,0,187,41,84,1
316,7,0,187,45,83,1
316,7,0,186,47,82,1
310,7,0,185,42,82,1
315,7,0,187,45,82,1
316,7,0,187,45,83,1
312,7,0,185,43,83,1
312,7,0,186,42,83,1
318,7,0,189,45,83,1
312,7,0,186,42,83,1
311,7,0,183,44,83,1
312,7,0,185,44,82,1
317,7,0,188,45,83,1
313,7,0,187,42,83,1
315,7,0,188,43,83,1
313,7,0,188,42,82,1
313,7,0,187,43,82,1
311,7,0,185,42,83,1
311,7,0,186,42,82,1
308,7,0,184,41,82,1
310,7,0,185,42,82,1
314,7,0,188,43,82,1
314,7,0,185,46,82,1
310,7,0,184,42,83,1
311,7,0,186,42,82,1
312,7,0,187,42,82,1
312,7,0,186,42,83,1
308,7,0,184,41,82,1
309,7,0,185,41,82,1
311,7,0,187,41,82,1
315,7,0,186,45,83,1
314,7,0,185,45,83,1
314,7,0,187,43,83,1
311,7,0,186,42,82,1
310,7,0,184,42,83,1
310,7,0,185,41,83,1
314,7,0,187,43,83,1
309,7,0,185,41,82,1
307,7,0,184,41,81,1
310,7,0,185,42,82,1
311,7,0,184,44,82,1
308,7,0,184,41,82,1
314,7,0,187,43,83,1
313,7,0,186,43,83,1
312,7,0,184,45,82,1
311,7,0,184,43,83,1
130,1,0,6,41,82,1
130,1,0,6,42,81,1
129,1,0,6,41,81,1
133,1,0,6,45,81,1
131,1,0,6,43,81,1
132,1,0,7,42,82,1
133,1,0,7,44,81,1
131,1,0,6,42,82,1
131,1,0,6,42,82,1
128,1,0,6,40,81,1
131,1,0,6,42,82,1
133,1,0,6,44,82,1
130,1,0,6,41,82,1
133,1,0,7,43,82,1
134,1,0,6,45,82,1
132,1,0,7,42,82,1
131,1,0,6,42,82,1
133,1,0,6,44,82,1
132,1,0,6,42,83,1
130,1,0,7,41,81,1
131,1,0,7,42,81,1
135,1,0,7,46,81,1
133,1,0,6,44,82,1
136,1,0,6,46,83,1
129,1,0,6,41,81,1
130,1,0,6,42,81,1
134,1,0,6,46,81,1
131,1,0,6,43,81,1
131,1,0,6,42,82,1
134,1,0,6,46,81,1
131,1,0,6,42,82,1
131,1,0,6,42,82,1
137,1,0,6,49,81,1
130,1,0,6,42,81,1
131,1,0,6,42,82,1
132,1,0,6,43,82,1
133,1,0,7,43,82,1
132,1,0,6,42,83,1
132,1,0,6,42,83,1
134,1,0,7,45,81,1
134,1,0,6,45,82,1
134,1,0,6,45,82,1
133,1,0,7,43,82,1
131,1,0,6,42,82,1
131,1,0,6,42,82,1
132,1,0,6,42,83,1
131,1,0,6,42,82,1
131,1,0,6,42,82,1
132,1,0,7,42,82,1
135,1,0,6,45,83,1
131,1,0,6,42,82,1
131,1,0,6,42,82,1
133,1,0,6,44,82,1
129,1,0,6,41,81,1
133,1,0,6,44,82,1
132,1,0,7,42,82,1
131,1,0,6,42,82,1
134,1,0,6,45,82,1
131,1,0,6,42,82,1
131,1,0,6,42,82,1
130,1,0,6,41,82,1
132,1,0,7,42,82,1
132,1,0,6,42,83,1
131,1,0,6,43,81,1
130,1,0,6,42,81,1
131,1,0,6,42,82,1
131,1,0,6,41,83,1
130,1,0,6,41,82,1
131,1,0,6,42,82,1
131,1,0,6,42,82,1
132,1,0,6,43,82,1
133,1,0,7,43,82,1
135,1,0,7,45,82,1
131,1,0,6,42,82,1
134,1,0,6,45,82,1
131,1,0,6,41,83,1
132,1,0,6,43,82,1
134,1,0,6,45,82,1
133,1,0,6,44,82,1
132,1,0,7,42,82,1
135,1,0,6,46,82,1
130,1,0,6,42,81,1
131,1,0,6,42,82,1
133,1,0,6,44,82,1
133,1,0,6,44,82,1
131,1,0,6,42,82,1
130,1,0,6,41,82,1
135,1,0,6,46,82,1
134,1,0,6,44,83,1
131,1,0,6,42,82,1
135,1,0,7,44,83,1
135,1,0,6,45,83,1
133,1,0,6,44,82,1
131,1,0,6,42,82,1
134,1,0,6,45,82,1
135,1,0,6,46,82,1
132,1,0,6,43,82,1
132,1,0,6,43,82,1
131,1,0,6,42,82,1
132,1,0,6,42,83,1
131,1,0,6,41,83,1
133,1,0,6,44,82,1
133,1,0,6,44,82,1
132,1,0,7,42,82,1
132,1,0,6,42,83,1
132,1,0,7,42,82,1
133,1,0,6,44,82,1
134,1,0,6,44,83,1
132,1,0,6,42,83,1
131,1,0,6,42,82,1
132,1,0,6,42,83,1
131,1,0,6,42,82,1
131,1,0,6,42,82,1
134,1,0,6,44,83,1
172,2,0,47,42,82,1
174,2,0,47,43,83,1
172,2,0,47,42,82,1
173,2,0,47,42,83,1
173,2,0,47,42,83,1
172,2,0,47,42,82,1
131,1,0,6,42,82,1
134,1,0,6,45,82,1
134,1,0,7,44,82,1
132,1,0,7,42,82,1
132,1,0,6,43,82,1
131,1,0,6,41,83,1
134,1,0,6,45,82,1
133,1,0,6,44,82,1
131,1,0,6,42,82,1
133,1,0,7,42,83,1
132,1,0,7,41,83,1
132,1,0,6,44,81,1
131,1,0,6,42,82,1
131,1,0,6,42,82,1
132,1,0,6,42,83,1
132,1,0,6,42,83,1
133,1,0,7,43,82,1
131,1,0,6,42,82,1
171,2,0,47,41,82,1
135,1,0,6,45,83,1
131,1,0,6,42,82,1
174,2,0,47,44,82,1
133,1,0,6,43,83,1
149,2,0,7,47,82,13
146,2,0,6,44,83,13
147,2,0,7,45,82,13
148,2,0,7,46,82,13
149,2,0,7,47,82,13
146,2,0,7,44,82,13
145,2,0,6,44,82,13
145,2,0,6,44,82,13
148,2,0,7,46,82,13
145,2,0,7,43,82,13
145,2,0,6,44,82,13
149,2,0,7,47,82,13
147,2,0,7,45,82,13
146,2,0,6,45,82,13
144,2,0,6,43,82,13
143,2,0,7,42,81,13
133,1,0,7,42,83,1
130,1,0,6,41,82,1
133,1,0,7,43,82,1
133,1,0,6,43,83,1
133,1,0,7,42,83,1
132,1,0,6,42,83,1
131,1,0,6,42,82,1
131,1,0,6,42,82,1
130,1,0,6,41,82,1
130,1,0,6,41,82,1
134,1,0,7,44,82,1
133,1,0,6,43,83,1
130,1,0,6,41,82,1
132,1,0,7,42,82,1
130,1,0,6,41,82,1
133,1,0,7,42,83,1
131,1,0,6,41,83,1
133,1,0,7,43,82,1
131,1,0,6,42,82,1
132,1,0,6,42,83,1
132,1,0,7,42,82,1
133,1,0,7,42,83,1
132,1,0,7,42,82,1
176,2,0,47,45,83,1
131,1,0,6,42,82,1
131,1,0,6,42,82,1
133,1,0,6,44,82,1
134,1,0,6,45,82,1
131,1,0,6,42,82,1
132,1,0,6,43,82,1
134,1,0,6,44,83,1
131,1,0,6,42,82,1
135,1,0,6,45,83,1
132,1,0,7,42,82,1
132,1,0,6,42,83,1
132,1,0,6,42,83,1
133,1,0,6,44,82,1
132,1,0,6,43,82,1
130,1,0,6,41,82,1
131,1,0,6,42,82,1
131,1,0,6,42,82,1
130,1,0,6,41,82,1
134,1,0,6,45,82,1
133,1,0,6,43,83,1
135,1,0,7,45,82,1
130,1,0,6,41,82,1
133,1,0,6,43,83,1
131,1,0,6,42,82,1
134,1,0,6,44,83,1
135,1,0,6,46,82,1
132,1,0,6,42,83,1
131,1,0,6,42,82,1
135,1,0,6,45,83,1
132,1,0,6,43,82,1
135,1,0,6,45,83,1
136,1,0,7,45,83,1
133,1,0,6,43,83,1
131,1,0,6,42,82,1
137,1,0,6,48,82,1
134,1,0,6,45,82,1
132,1,0,6,42,83,1
132,1,0,7,42,82,1
134,1,0,6,45,82,1
133,1,0,6,44,82,1
131,1,0,6,42,82,1
134,1,0,6,44,83,1
132,1,0,6,42,83,1
146,2,0,7,44,82,13
144,2,0,6,44,82,12
143,2,0,6,43,82,12
143,2,0,6,43,82,12
146,2,0,7,44,82,13
149,2,0,7,48,82,12
145,2,0,7,44,82,12
145,2,0,6,44,82,13
144,2,0,7,43,82,12
144,2,0,7,43,82,12
145,2,0,7,44,82,12
145,2,0,7,43,82,13
144,2,0,7,43,82,12
144,2,0,7,43,82,12
143,2,0,6,43,82,12
143,2,0,6,43,82,12
144,2,0,6,44,82,12
145,2,0,7,44,82,12
147,2,0,7,46,82,12
143,2,0,6,43,82,12
144,2,0,7,43,82,12
133,1,0,6,43,83,1
133,1,0,6,42,84,1
134,1,0,6,44,83,1
135,1,0,6,45,83,1
132,1,0,6,42,83,1
132,1,0,6,44,81,1
131,1,0,6,42,82,1
133,1,0,6,44,82,1
131,1,0,6,42,82,1
132,1,0,6,42,83,1
131,1,0,6,42,82,1
131,1,0,6,42,82,1
131,1,0,6,42,82,1
131,1,0,6,42,82,1
132,1,0,6,42,83,1
131,1,0,6,42,82,1
131,1,0,7,41,82,1
134,1,0,6,45,82,1
135,1,0,6,45,83,1
130,1,0,6,41,82,1
131,1,0,6,42,82,1
134,1,0,6,45,82,1
136,1,0,6,46,83,1
134,1,0,6,44,83,1
134,1,0,7,44,82,1
135,1,0,7,45,82,1
140,1,0,7,50,82,1
132,1,0,7,42,82,1
134,1,0,6,44,83,1
134,1,0,6,45,82,1
133,1,0,6,44,82,1
131,1,0,6,42,82,1
132,1,0,6,42,83,1
134,1,0,6,45,82,1
133,1,0,7,43,82,1
134,1,0,6,45,82,1
132,1,0,7,41,83,1
135,1,0,7,44,83,1
133,1,0,7,43,82,1
132,1,0,7,42,82,1
137,1,0,7,46,83,1
131,1,0,6,42,82,1
131,1,0,6,42,82,1
132,1,0,7,42,82,1
131,1,0,6,42,82,1
131,1,0,6,42,82,1
133,1,0,7,43,82,1
133,1,0,7,43,82,1
131,1,0,6,42,82,1
132,1,0,6,42,83,1
134,1,0,6,45,82,1
131,1,0,6,42,82,1
130,1,0,6,41,82,1
131,1,0,6,41,83,1
132,1,0,6,42,83,1
132,1,0,7,42,82,1
134,1,0,6,45,82,1
131,1,0,6,42,82,1
132,1,0,7,42,82,1
132,1,0,6,42,83,1
131,1,0,6,42,82,1
131,1,0,6,42,82,1
131,1,0,6,42,82,1
131,1,0,6,41,83,1
132,1,0,6,42,83,1
131,1,0,6,42,82,1
131,1,0,6,42,82,1
133,1,0,6,44,82,1
131,1,0,7,41,82,1
131,1,0,6,42,82,1
131,1,0,6,42,82,1
133,1,0,7,42,83,1
131,1,0,6,42,82,1
130,1,0,6,41,82,1
131,1,0,6,42,82,1
131,1,0,7,41,82,1
138,1,0,6,48,83,1
131,1,0,6,42,82,1
131,1,0,6,43,81,1
131,1,0,6,42,82,1
136,1,0,7,45,83,1
134,1,0,6,45,82,1
131,1,0,6,42,82,1
131,1,0,6,42,82,1
133,1,0,6,44,82,1
134,1,0,6,45,82,1
132,1,0,6,43,82,1
134,1,0,6,45,82,1
133,1,0,6,44,82,1
134,1,0,6,45,82,1
132,1,0,7,42,82,1
133,1,0,7,44,81,1
133,1,0,6,43,83,1
129,1,0,6,41,81,1
136,1,0,6,46,83,1
132,1,0,6,42,83,1
134,1,0,6,45,82,1
130,1,0,6,42,81,1
131,1,0,6,43,81,1
137,1,0,6,47,83,1
134,1,0,6,45,82,1
130,1,0,6,41,82,1
131,1,0,6,42,82,1
131,1,0,6,41,83,1
132,1,0,6,43,82,1
133,1,0,6,44,82,1
133,1,0,6,44,82,1
134,1,0,6,45,82,1
133,1,0,6,43,83,1
131,1,0,6,42,82,1
134,1,0,6,44,83,1
130,1,0,6,41,82,1
131,1,0,6,42,82,1
133,1,0,6,44,82,1
132,1,0,6,42,83,1
131,1,0,6,42,82,1
131,1,0,7,42,81,1
135,1,0,6,46,82,1
131,1,0,6,42,82,1
131,1,0,6,43,81,1
133,1,0,7,43,82,1
133,1,0,6,44,82,1
131,1,0,6,41,83,1
131,1,0,6,42,82,1
132,1,0,6,43,82,1
131,1,0,6,42,82,1
131,1,0,7,42,81,1
131,1,0,6,42,82,1
132,1,0,6,44,81,1
132,1,0,6,42,83,1
130,1,0,6,42,81,1
132,1,0,6,44,81,1
129,1,0,6,41,81,1
131,1,0,6,41,83,1
131,1,0,6,42,82,1
130,1,0,6,42,81,1
131,1,0,7,42,81,1
130,1,0,6,42,81,1
135,1,0,6,46,82,1
133,1,0,6,45,81,1
134,1,0,7,43,83,1
132,1,0,7,42,82,1
132,1,0,6,42,83,1
134,1,0,6,45,82,1
131,1,0,7,41,82,1
132,1,0,6,42,83,1
134,1,0,6,45,82,1
131,1,0,7,41,82,1
130,1,0,6,41,82,1
132,1,0,6,43,82,1
135,1,0,6,47,81,1
137,1,0,6,49,81,1
131,1,0,6,42,82,1
132,1,0,7,42,82,1
133,1,0,6,45,81,1
137,1,0,6,47,83,1
131,1,0,6,42,82,1
135,1,0,6,45,83,1
133,1,0,6,44,82,1
131,1,0,6,42,82,1
131,1,0,6,42,82,1
134,1,0,6,45,82,1
133,1,0,7,42,83,1
130,1,0,6,41,82,1
130,1,0,6,41,82,1
131,1,0,6,42,82,1
134,1,0,7,43,83,1
131,1,0,6,42,82,1
134,1,0,6,44,83,1
132,1,0,7,42,82,1
132,1,0,7,42,82,1
133,1,0,7,43,82,1
131,1,0,6,42,82,1
132,1,0,7,42,82,1
132,1,0,6,42,83,1
132,1,0,6,43,82,1
132,1,0,6,42,83,1
135,1,0,7,45,82,1
132,1,0,7,42,82,1
130,1,0,6,41,82,1
131,1,0,7,41,82,1
134,1,0,6,45,82,1
130,1,0,6,41,82,1
130,1,0,6,41,82,1
133,1,0,6,44,82,1
131,1,0,6,42,82,1
132,1,0,6,43,82,1
132,1,0,6,43,82,1
132,1,0,6,43,82,1
132,1,0,7,42,82,1
132,1,0,6,42,83,1
131,1,0,6,42,82,1
131,1,0,6,43,81,1
133,1,0,6,44,82,1
132,1,0,6,42,83,1
130,1,0,6,41,82,1
134,1,0,7,43,83,1
131,1,0,6,42,82,1
132,1,0,7,42,82,1
131,1,0,6,42,82,1
131,1,0,6,42,82,1
132,1,0,7,42,82,1
133,1,0,6,44,82,1
130,1,0,6,42,81,1
132,1,0,7,42,82,1
131,1,0,6,42,82,1
134,1,0,6,44,83,1
132,1,0,6,43,82,1
131,1,0,6,42,82,1
133,1,0,6,44,82,1
131,1,0,6,42,82,1
132,1,0,6,43,82,1
134,1,0,6,44,83,1
137,1,0,7,46,83,1
131,1,0,6,42,82,1
132,1,0,7,42,82,1
135,1,0,7,45,82,1
131,1,0,6,42,82,1
132,1,0,6,43,82,1
135,1,0,6,46,82,1
134,1,0,6,45,82,1
136,1,0,6,47,82,1
132,1,0,6,42,83,1
136,1,0,6,47,82,1
132,1,0,6,43,82,1
132,1,0,6,43,82,1
136,1,0,7,46,82,1
135,1,0,6,46,82,1
131,1,0,7,42,81,1
131,1,0,6,42,82,1
130,1,0,6,41,82,1
134,1,0,7,44,82,1
132,1,0,6,43,82,1
134,1,0,7,44,82,1
132,1,0,7,42,82,1
131,1,0,6,41,83,1
133,1,0,6,44,82,1
131,1,0,6,42,82,1
131,1,0,6,42,82,1
131,1,0,6,42,82,1
131,1,0,6,42,82,1
139,1,0,6,49,83,1
132,1,0,7,42,82,1
131,1,0,7,41,82,1
132,1,0,6,42,83,1
131,1,0,6,42,82,1
131,1,0,6,42,82,1
131,1,0,6,42,82,1
132,1,0,6,42,83,1
134,1,0,6,45,82,1
134,1,0,7,43,83,1
131,1,0,6,42,82,1
131,1,0,6,42,82,1
130,1,0,6,42,81,1
131,1,0,6,43,81,1
131,1,0,6,42,82,1
131,1,0,6,42,82,1
134,1,0,6,46,81,1
132,1,0,7,42,82,1
130,1,0,6,42,81,1
138,1,0,7,48,82,1
131,1,0,6,42,82,1
131,1,0,6,41,83,1
133,1,0,6,44,82,1
132,1,0,6,43,82,1
132,1,0,6,42,83,1
134,1,0,7,44,82,1
131,1,0,6,41,83,1
131,1,0,6,42,82,1
132,1,0,6,44,81,1
134,1,0,7,44,82,1
140,1,0,6,50,83,1
135,1,0,7,45,82,1
132,1,0,7,42,82,1
131,1,0,6,42,82,1
133,1,0,6,44,82,1
132,1,0,6,43,82,1
131,1,0,6,42,82,1
132,1,0,7,42,82,1
132,1,0,6,43,82,1
136,1,0,6,46,83,1
131,1,0,6,41,83,1
133,1,0,6,43,83,1
134,1,0,7,44,82,1
131,1,0,6,42,82,1
131,1,0,6,42,82,1
134,1,0,6,44,83,1
131,1,0,6,42,82,1
134,1,0,6,45,82,1
132,1,0,6,43,82,1
133,1,0,6,44,82,1
132,1,0,6,44,81,1
131,1,0,6,42,82,1
134,1,0,7,44,82,1
129,1,0,6,41,81,1
131,1,0,6,42,82,1
133,1,0,7,42,83,1
132,1,0,7,42,82,1
136,1,0,6,47,82,1
135,1,0,7,44,83,1
132,1,0,6,43,82,1
132,1,0,6,43,82,1
130,1,0,6,41,82,1
133,1,0,6,43,83,1
131,1,0,6,42,82,1
131,1,0,6,41,83,1
130,1,0,6,42,81,1
133,1,0,6,44,82,1
134,1,0,7,44,82,1
132,1,0,7,42,82,1
130,1,0,6,41,82,1
132,1,0,7,42,82,1
132,1,0,7,42,82,1
134,1,0,6,45,82,1
130,1,0,6,41,82,1
131,1,0,6,41,83,1
132,1,0,6,43,82,1
131,1,0,7,42,81,1
130,1,0,6,42,81,1
133,1,0,6,43,83,1
130,1,0,6,41,82,1
131,1,0,6,42,82,1
131,1,0,6,42,82,1
133,1,0,7,43,82,1
133,1,0,6,44,82,1
133,1,0,7,43,82,1
131,1,0,6,42,82,1
131,1,0,6,42,82,1
134,1,0,7,44,82,1
131,1,0,6,42,82,1
132,1,0,7,42,82,1
132,1,0,6,43,82,1
133,1,0,6,43,83,1
134,1,0,7,43,83,1
132,1,0,6,42,83,1
133,1,0,6,44,82,1
133,1,0,7,43,82,1
130,1,0,6,41,82,1
136,1,0,6,46,83,1
134,1,0,6,45,82,1
132,1,0,7,42,82,1
131,1,0,6,42,82,1
135,1,0,6,45,83,1
132,1,0,6,43,82,1
132,1,0,6,42,83,1
134,1,0,6,45,82,1
136,1,0,7,46,82,1
132,1,0,6,42,83,1
134,1,0,6,45,82,1
137,1,0,7,46,83,1
135,1,0,7,45,82,1
136,1,0,6,46,83,1
133,1,0,6,43,83,1
136,1,0,7,46,82,1
134,1,0,6,45,82,1
133,1,0,7,42,83,1
131,1,0,6,42,82,1
130,1,0,6,41,82,1
130,1,0,6,41,82,1
132,1,0,7,42,82,1
133,1,0,6,44,82,1
134,1,0,6,44,83,1
135,1,0,7,45,82,1
134,1,0,7,43,83,1
131,1,0,6,42,82,1
131,1,0,6,42,82,1
136,1,0,7,46,82,1
131,1,0,6,42,82,1
131,1,0,6,42,82,1
136,1,0,7,46,82,1
131,1,0,6,42,82,1
130,1,0,6,41,82,1
133,1,0,7,43,82,1
134,1,0,6,45,82,1
131,1,0,6,42,82,1
133,1,0,7,43,82,1
131,1,0,6,42,82,1
131,1,0,6,42,82,1
134,1,0,7,44,82,1
131,1,0,6,41,83,1
130,1,0,6,41,82,1
132,1,0,6,42,83,1
134,1,0,7,44,82,1
132,1,0,6,42,83,1
131,1,0,6,42,82,1
132,1,0,6,42,83,1
131,1,0,6,42,82,1
132,1,0,6,43,82,1
135,1,0,7,44,83,1
132,1,0,7,42,82,1
132,1,0,7,42,82,1
129,1,0,6,41,81,1
131,1,0,6,42,82,1
132,1,0,6,43,82,1
131,1,0,6,42,82,1
135,1,0,6,45,83,1
132,1,0,7,42,82,1
133,1,0,6,44,82,1
134,1,0,6,44,83,1
131,1,0,6,42,82,1
134,1,0,7,44,82,1
134,1,0,7,44,82,1
135,1,0,6,45,83,1
133,1,0,6,43,83,1
137,1,0,6,47,83,1
134,1,0,6,45,82,1
135,1,0,6,46,82,1
133,1,0,7,43,82,1
135,1,0,6,46,82,1
136,1,0,7,46,82,1
131,1,0,6,42,82,1
133,1,0,6,44,82,1
136,1,0,7,45,83,1
136,1,0,6,46,83,1
136,1,0,7,45,83,1
133,1,0,6,43,83,1
130,1,0,6,41,82,1
133,1,0,6,44,82,1
132,1,0,6,43,82,1
131,1,0,6,42,82,1
131,1,0,6,42,82,1
131,1,0,6,42,82,1
132,1,0,7,42,82,1
130,1,0,6,41,82,1
133,1,0,7,42,83,1
131,1,0,6,42,82,1
130,1,0,6,42,81,1
133,1,0,7,43,82,1
131,1,0,6,42,82,1
131,1,0,6,42,82,1
132,1,0,6,42,83,1
132,1,0,7,42,82,1
131,1,0,6,42,82,1
132,1,0,7,42,82,1
134,1,0,7,44,82,1
131,1,0,6,42,82,1
131,1,0,6,42,82,1
129,1,0,6,41,81,1
134,1,0,7,43,83,1
132,1,0,7,42,82,1
133,1,0,7,43,82,1
132,1,0,6,43,82,1
131,1,0,6,42,82,1
131,1,0,6,42,82,1
133,1,0,6,44,82,1
130,1,0,6,42,81,1
130,1,0,6,42,81,1
131,1,0,6,41,83,1
130,1,0,6,41,82,1
131,1,0,6,43,81,1
132,1,0,6,42,83,1
133,1,0,7,43,82,1
133,1,0,6,43,83,1
131,1,0,6,41,83,1
131,1,0,6,42,82,1
133,1,0,6,44,82,1
132,1,0,7,42,82,1
132,1,0,6,42,83,1
130,1,0,6,41,82,1
130,1,0,6,41,82,1
134,1,0,6,45,82,1
134,1,0,6,45,82,1
132,1,0,6,42,83,1
135,1,0,7,45,82,1
135,1,0,6,46,82,1
133,1,0,7,43,82,1
134,1,0,6,45,82,1
130,1,0,6,41,82,1
134,1,0,7,44,82,1
133,1,0,6,44,82,1
133,1,0,6,44,82,1
132,1,0,6,43,82,1
132,1,0,6,42,83,1
132,1,0,6,43,82,1
131,1,0,6,41,83,1
133,1,0,6,43,83,1
136,1,0,7,45,83,1
132,1,0,6,42,83,1
133,1,0,6,43,83,1
131,1,0,6,42,82,1
131,1,0,6,42,82,1
130,1,0,6,41,82,1
131,1,0,6,42,82,1
133,1,0,7,42,83,1
131,1,0,6,42,82,1
133,1,0,7,43,82,1
136,1,0,7,45,83,1
132,1,0,7,42,82,1
131,1,0,6,42,82,1
131,1,0,6,42,82,1
131,1,0,6,42,82,1
134,1,0,6,45,82,1
135,1,0,7,44,83,1
133,1,0,7,43,82,1
134,1,0,7,44,82,1
132,1,0,7,42,82,1
135,1,0,7,45,82,1
132,1,0,7,42,82,1
131,1,0,7,41,82,1
131,1,0,6,42,82,1
132,1,0,6,43,82,1
131,1,0,6,42,82,1
131,1,0,6,42,82,1
131,1,0,6,41,83,1
134,1,0,7,44,82,1
132,1,0,6,42,83,1
131,1,0,6,42,82,1
130,1,0,6,41,82,1
130,1,0,6,41,82,1
134,1,0,6,45,82,1
132,1,0,6,43,82,1
130,1,0,6,41,82,1
133,1,0,6,43,83,1
135,1,0,7,45,82,1
134,1,0,6,45,82,1
139,1,0,7,49,82,1
134,1,0,7,44,82,1
134,1,0,6,45,82,1
136,1,0,6,46,83,1
135,1,0,7,45,82,1
134,1,0,6,45,82,1
134,1,0,6,45,82,1
136,1,0,6,46,83,1
137,1,0,7,47,82,1
136,1,0,6,47,82,1
137,1,0,7,46,83,1
138,1,0,7,48,82,1
135,1,0,7,45,82,1
134,1,0,6,45,82,1
139,1,0,6,49,83,1
137,1,0,7,47,82,1
139,1,0,6,49,83,1
134,1,0,6,44,83,1
136,1,0,7,45,83,1
138,1,0,6,49,82,1
136,1,0,7,46,82,1
135,1,0,6,46,82,1
137,1,0,6,48,82,1
134,1,0,6,45,82,1
134,1,0,6,45,82,1
136,1,0,6,47,82,1
358,8,0,224,49,84,1
362,8,0,233,45,83,1
358,8,0,230,45,82,1
367,8,0,238,45,83,1
356,8,0,228,44,83,1
356,8,0,224,48,83,1
348,8,0,219,45,83,1
346,8,0,217,45,83,1
341,8,0,213,44,83,1
333,8,0,200,48,84,1
337,8,0,204,48,84,1
329,8,0,200,46,82,1
336,8,0,206,46,83,1
334,8,0,205,46,82,1
335,8,0,205,45,84,1
332,8,0,202,46,83,1
333,8,0,204,45,83,1
334,8,0,205,44,84,1
331,8,0,203,44,83,1
328,7,0,201,44,82,1
328,7,0,198,47,82,1
332,8,0,203,45,83,1
327,7,0,199,44,83,1
329,8,0,202,44,82,1
330,8,0,200,47,82,1
333,8,0,201,48,83,1
329,8,0,201,45,82,1
333,8,0,200,49,83,1
328,7,0,199,45,83,1
330,8,0,202,44,83,1
327,7,0,198,45,83,1
336,8,0,202,50,83,1
328,7,0,200,45,82,1
329,8,0,200,45,83,1
330,8,0,201,45,83,1
327,7,0,198,46,82,1
328,7,0,199,44,84,1
329,8,0,200,45,83,1
329,8,0,200,45,83,1
327,7,0,198,45,83,1
335,8,0,201,49,84,1
326,7,0,197,45,83,1
329,8,0,200,46,82,1
327,7,0,199,44,83,1
332,8,0,199,48,84,1
332,8,0,201,47,83,1
326,7,0,196,47,82,1
329,8,0,201,44,83,1
330,8,0,199,48,82,1
330,8,0,201,45,83,1
325,7,0,197,45,82,1
329,8,0,198,47,83,1
330,8,0,200,46,83,1
324,7,0,195,44,84,1
322,7,0,197,42,82,1
328,7,0,199,46,82,1
327,7,0,198,45,83,1
322,7,0,196,42,83,1
325,7,0,200,42,82,1
325,7,0,196,45,83,1
325,7,0,198,43,83,1
325,7,0,199,43,82,1
323,7,0,195,45,82,1
329,8,0,200,45,83,1
323,7,0,197,43,82,1
323,7,0,197,42,83,1
327,7,0,199,45,82,1
321,7,0,195,43,82,1
324,7,0,198,43,82,1
322,7,0,196,43,82,1
322,7,0,196,42,83,1
325,7,0,199,43,82,1
330,8,0,196,51,82,1
324,7,0,197,43,83,1
323,7,0,198,42,82,1
324,7,0,199,42,82,1
321,7,0,194,42,84,1
326,7,0,196,47,82,1
324,7,0,198,43,82,1
321,7,0,194,44,82,1
324,7,0,197,44,82,1
322,7,0,196,43,82,1
319,7,0,194,42,82,1
324,7,0,198,43,82,1
321,7,0,194,43,83,1
324,7,0,195,45,83,1
323,7,0,197,43,82,1
319,7,0,194,42,82,1
323,7,0,196,44,82,1
323,7,0,197,43,82,1
320,7,0,193,43,83,1
324,7,0,197,43,83,1
324,7,0,196,44,83,1
319,7,0,193,43,82,1
323,7,0,197,42,83,1
323,7,0,196,43,83,1
322,7,0,196,43,82,1
318,7,0,193,42,82,1
327,7,0,196,47,83,1
323,7,0,196,43,83,1
320,7,0,194,42,83,1
321,7,0,196,41,83,1
321,7,0,194,43,83,1
317,7,0,192,42,82,1
323,7,0,197,42,83,1
319,7,0,194,41,83,1
322,7,0,194,45,82,1
326,7,0,197,46,82,1
320,7,0,194,43,82,1
319,7,0,194,42,82,1
324,7,0,196,45,82,1
319,7,0,193,42,83,1
320,7,0,193,43,83,1
321,7,0,195,42,83,1
323,7,0,193,46,83,1
245,5,0,195,46,3,1
240,5,0,193,42,4,1
240,5,0,191,45,3,1
245,5,0,195,46,3,1
238,5,0,191,43,3,1
241,5,0,194,42,4,1
245,5,0,195,45,4,1
243,5,0,191,47,4,1
242,5,0,194,44,3,1
241,5,0,194,43,3,1
241,5,0,192,44,4,1
243,5,0,193,45,4,1
240,5,0,195,41,3,1
240,5,0,191,45,3,1
240,5,0,193,43,3,1
243,5,0,194,44,4,1
238,5,0,190,43,4,1
241,5,0,193,43,4,1
242,5,0,194,44,3,1
237,4,0,192,41,3,1
240,5,0,194,42,3,1
240,5,0,194,42,3,1
240,5,0,191,44,4,1
236,4,0,191,41,3,1
238,5,0,191,43,3,1
237,4,0,191,42,3,1
241,5,0,194,43,3,1
240,5,0,193,43,3,1
239,5,0,189,45,4,1
239,5,0,193,42,3,1
239,5,0,193,42,3,1
242,5,0,194,44,3,1
246,5,0,193,49,3,1
240,5,0,192,44,3,1
236,4,0,190,42,3,1
239,5,0,193,42,3,1
241,5,0,193,44,3,1
239,5,0,192,43,3,1
235,4,0,190,41,3,1
240,5,0,194,42,3,1
241,5,0,191,45,4,1
235,4,0,189,42,3,1
236,4,0,190,42,3,1
240,5,0,193,43,3,1
237,4,0,191,41,4,1
241,5,0,192,44,4,1
237,4,0,191,41,4,1
238,5,0,191,42,4,1
236,4,0,189,43,3,1
236,4,0,189,43,3,1
238,5,0,188,45,4,1
237,4,0,191,42,3,1
238,5,0,192,42,3,1
238,5,0,189,45,3,1
235,4,0,188,43,3,1
239,5,0,190,45,3,1
240,5,0,192,44,3,1
238,5,0,190,43,4,1
238,5,0,188,46,3,1
237,4,0,189,44,3,1
242,5,0,192,46,3,1
242,5,0,190,48,3,1
240,5,0,189,47,3,1
238,5,0,190,44,3,1
239,5,0,192,43,3,1
236,4,0,188,43,4,1
234,4,0,188,42,3,1
238,5,0,190,43,4,1
241,5,0,191,46,3,1
239,5,0,192,43,3,1
237,4,0,189,43,4,1
236,4,0,187,44,4,1
237,4,0,188,45,3,1
236,4,0,189,43,3,1
238,5,0,190,43,4,1
235,4,0,188,43,3,1
233,4,0,187,42,3,1
236,4,0,189,43,3,1
234,4,0,188,42,3,1
235,4,0,188,42,4,1
235,4,0,188,43,3,1
235,4,0,188,42,4,1
239,5,0,189,45,4,1
237,4,0,190,42,4,1
233,4,0,187,42,3,1
233,4,0,186,42,4,1
236,4,0,190,42,3,1
236,4,0,190,42,3,1
235,4,0,188,42,4,1
237,4,0,189,43,4,1
237,4,0,189,44,3,1
233,4,0,187,42,3,1
235,4,0,186,45,3,1
236,4,0,188,44,3,1
234,4,0,189,41,3,1
234,4,0,187,43,3,1
235,4,0,189,42,3,1
235,4,0,188,43,3,1
236,4,0,189,42,4,1
237,4,0,189,44,3,1
233,4,0,187,42,3,1
235,4,0,188,43,3,1
236,4,0,188,44,3,1
236,4,0,189,43,3,1
236,4,0,188,43,4,1
233,4,0,186,43,3,1
234,4,0,188,42,3,1
238,5,0,190,44,3,1
233,4,0,187,42,3,1
232,4,0,186,42,3,1
235,4,0,188,43,3,1
235,4,0,186,45,3,1
235,4,0,188,42,4,1
236,4,0,189,43,3,1
235,4,0,187,44,3,1
233,4,0,184,45,3,1
233,4,0,186,43,3,1
232,4,0,185,43,3,1
234,4,0,186,44,3,1
234,4,0,187,43,3,1
238,5,0,188,45,4,1
237,4,0,187,45,4,1
232,4,0,185,43,3,1
235,4,0,186,45,3,1
237,4,0,186,46,4,1
235,4,0,188,43,3,1
237,4,0,188,44,4,1
231,4,0,186,41,3,1
232,4,0,185,42,4,1
233,4,0,185,44,3,1
235,4,0,187,43,4,1
235,4,0,188,43,3,1
236,4,0,187,45,3,1
235,4,0,187,44,3,1
233,4,0,183,46,3,1
235,4,0,185,45,4,1
233,4,0,183,45,4,1
233,4,0,184,45,3,1
234,4,0,186,43,4,1
235,4,0,187,44,3,1
239,5,0,188,47,3,1
234,4,0,186,44,3,1
234,4,0,186,44,3,1
52,0,0,4,44,3,1
53,0,0,7,43,2,1
53,0,0,6,43,3,1
55,0,0,7,45,2,1
52,0,0,7,42,2,1
51,0,0,6,42,2,1
52,0,0,6,42,3,1
53,0,0,7,42,3,1
51,0,0,6,42,2,1
52,0,0,7,42,2,1
53,0,0,7,43,2,1
54,0,0,6,44,3,1
53,0,0,7,43,2,1
52,0,0,7,42,2,1
51,0,0,6,42,2,1
51,0,0,6,42,2,1
52,0,0,6,42,3,1
53,0,0,7,42,3,1
53,0,0,6,44,2,1
53,0,0,7,42,3,1
52,0,0,7,42,2,1
52,0,0,6,42,3,1
54,0,0,6,43,4,1
52,0,0,7,42,2,1
51,0,0,6,42,2,1
52,0,0,7,42,2,1
55,0,0,7,44,3,1
53,0,0,6,44,2,1
51,0,0,6,42,2,1
52,0,0,6,42,3,1
51,0,0,6,42,2,1
51,0,0,6,42,2,1
53,0,0,7,42,3,1
52,0,0,6,42,3,1
51,0,0,6,42,2,1
56,0,0,6,45,4,1
51,0,0,6,42,2,1
56,0,0,7,45,3,1
55,0,0,6,45,3,1
54,0,0,6,45,2,1
54,0,0,6,44,3,1
52,0,0,6,43,2,1
54,0,0,6,45,2,1
52,0,0,6,42,3,1
54,0,0,6,44,3,1
51,0,0,6,42,2,1
54,0,0,6,45,2,1
56,0,0,6,45,4,1
53,0,0,6,43,3,1
53,0,0,7,42,3,1
53,0,0,7,42,3,1
54,0,0,6,44,3,1
54,0,0,6,43,4,1
52,0,0,6,42,3,1
57,0,0,6,48,2,1
55,0,0,6,45,3,1
54,0,0,6,45,2,1
53,0,0,7,42,3,1
52,0,0,6,42,3,1
52,0,0,6,43,2,1
52,0,0,6,42,3,1
52,0,0,6,43,2,1
53,0,0,7,43,2,1
53,0,0,6,44,2,1
51,0,0,6,42,2,1
51,0,0,6,42,2,1
52,0,0,6,42,3,1
52,0,0,7,42,2,1
53,0,0,7,43,2,1
52,0,0,7,41,3,1
52,0,0,6,42,3,1
55,0,0,6,44,4,1
52,0,0,6,43,2,1
51,0,0,6,42,2,1
52,0,0,7,42,2,1
52,0,0,6,42,3,1
50,0,0,6,41,2,1
51,0,0,6,42,2,1
53,0,0,7,42,3,1
53,0,0,7,43,2,1
52,0,0,7,42,2,1
52,0,0,6,42,3,1
51,0,0,6,41,3,1
53,0,0,6,43,3,1
53,0,0,6,42,4,1
53,0,0,7,42,3,1
51,0,0,6,42,2,1
53,0,0,6,43,3,1
52,0,0,7,42,2,1
50,0,0,6,41,2,1
51,0,0,6,41,3,1
52,0,0,7,42,2,1
55,0,0,7,44,3,1
53,0,0,6,42,4,1
57,0,0,7,46,3,1
54,0,0,7,44,2,1
52,0,0,6,42,3,1
54,0,0,6,45,2,1
53,0,0,6,44,2,1
52,0,0,7,42,2,1
52,0,0,7,42,2,1
54,0,0,6,45,2,1
53,0,0,6,44,2,1
51,0,0,6,42,2,1
52,0,0,6,42,3,1
53,0,0,7,42,3,1
54,0,0,6,44,3,1
54,0,0,7,43,3,1
53,0,0,6,44,2,1
51,0,0,6,42,2,1
57,0,0,6,47,3,1
54,0,0,6,44,3,1
56,0,0,6,46,3,1
52,0,0,6,43,2,1
53,0,0,7,43,2,1
52,0,0,7,42,2,1
50,0,0,6,41,2,1
53,0,0,7,42,3,1
54,0,0,6,45,2,1
54,0,0,7,43,3,1
56,0,0,6,46,3,1
56,0,0,7,45,3,1
53,0,0,6,44,2,1
57,0,0,7,46,3,1
55,0,0,6,46,2,1
51,0,0,6,42,2,1
53,0,0,7,42,3,1
51,0,0,6,42,2,1
54,0,0,7,43,3,1
54,0,0,6,44,3,1
51,0,0,6,42,2,1
52,0,0,6,42,3,1
53,0,0,7,42,3,1
52,0,0,7,42,2,1
51,0,0,6,42,2,1
54,0,0,6,45,2,1
57,0,0,7,46,3,1
52,0,0,7,42,2,1
50,0,0,6,41,2,1
52,0,0,6,42,3,1
55,0,0,7,44,3,1
52,0,0,7,42,2,1
51,0,0,6,41,3,1
54,0,0,7,43,3,1
51,0,0,6,42,2,1
52,0,0,6,42,3,1
53,0,0,6,44,2,1
51,0,0,6,41,3,1
51,0,0,6,42,2,1
52,0,0,6,42,3,1
56,0,0,6,46,3,1
53,0,0,6,42,4,1
57,0,0,6,47,3,1
54,0,0,6,45,2,1
51,0,0,6,42,2,1
51,0,0,6,42,2,1
54,0,0,6,44,3,1
51,0,0,6,42,2,1
52,0,0,6,42,3,1
53,0,0,6,43,3,1
55,0,0,6,45,3,1
55,0,0,7,44,3,1
53,0,0,6,44,2,1
51,0,0,6,41,3,1
53,0,0,6,43,3,1
52,0,0,6,43,2,1
53,0,0,7,43,2,1
51,0,0,6,42,2,1
55,0,0,7,45,2,1
52,0,0,7,42,2,1
56,0,0,6,46,3,1
51,0,0,6,42,2,1
54,0,0,6,45,2,1
52,0,0,7,42,2,1
54,0,0,6,45,2,1
51,0,0,6,42,2,1
51,0,0,6,42,2,1
53,0,0,6,44,2,1
53,0,0,7,42,3,1
52,0,0,7,42,2,1
53,0,0,7,42,3,1
52,0,0,7,42,2,1
52,0,0,7,42,2,1
53,0,0,6,44,2,1
52,0,0,6,42,3,1
53,0,0,7,42,3,1
53,0,0,7,42,3,1
53,0,0,7,43,2,1
52,0,0,7,42,2,1
51,0,0,6,42,2,1
54,0,0,7,44,2,1
55,0,0,6,46,2,1
53,0,0,6,43,3,1
54,0,0,7,43,3,1
55,0,0,7,45,2,1
52,0,0,6,42,3,1
50,0,0,6,41,2,1
52,0,0,6,42,3,1
51,0,0,6,42,2,1
53,0,0,7,42,3,1
54,0,0,6,44,3,1
51,0,0,6,42,2,1
55,0,0,7,44,3,1
52,0,0,6,42,3,1
52,0,0,7,42,2,1
52,0,0,6,41,4,1
51,0,0,6,42,2,1
51,0,0,6,42,2,1
51,0,0,6,42,2,1
52,0,0,6,43,2,1
52,0,0,6,42,3,1
52,0,0,6,42,3,1
52,0,0,6,42,3,1
51,0,0,6,42,2,1
55,0,0,6,45,3,1
56,0,0,6,46,3,1
52,0,0,6,42,3,1
51,0,0,6,42,2,1
51,0,0,6,42,2,1
55,0,0,6,44,4,1
52,0,0,6,42,3,1
53,0,0,6,44,3,0
51,0,0,6,41,3,1
54,0,0,6,45,2,1
64,0,0,7,54,2,1
51,0,0,6,42,2,1
52,0,0,6,42,3,1
51,0,0,6,42,2,1
55,0,0,6,46,2,1
54,0,0,6,45,2,1
50,0,0,6,41,2,1
56,0,0,6,47,2,1
56,0,0,7,46,2,1
54,0,0,6,44,3,1
52,0,0,6,42,3,1
52,0,0,7,42,2,1
53,0,0,6,43,3,1
51,0,0,6,42,2,1
50,0,0,6,41,2,1
51,0,0,6,42,2,1
51,0,0,6,42,2,1
53,0,0,6,43,3,1
52,0,0,6,42,3,1
51,0,0,6,42,2,1
53,0,0,7,42,3,1
52,0,0,6,43,2,1
52,0,0,6,42,3,1
54,0,0,6,44,3,1
51,0,0,6,42,2,1
54,0,0,6,44,3,1
53,0,0,7,42,3,1
51,0,0,6,42,2,1
51,0,0,6,42,2,1
52,0,0,6,42,3,1
52,0,0,6,42,3,1
52,0,0,6,42,3,1
53,0,0,6,44,2,1
52,0,0,6,43,2,1
52,0,0,6,42,3,1
52,0,0,6,42,3,1
51,0,0,6,42,2,1
52,0,0,6,42,3,1
53,0,0,7,42,3,1
51,0,0,6,42,2,1
51,0,0,6,42,2,1
53,0,0,6,44,2,1
51,0,0,6,42,2,1
52,0,0,6,42,3,1
52,0,0,6,43,2,1
52,0,0,6,43,2,1
51,0,0,6,41,3,1
53,0,0,7,42,3,1
51,0,0,6,42,2,1
52,0,0,7,42,2,1
56,0,0,6,46,3,1
51,0,0,6,41,3,1
53,0,0,7,43,2,1
53,0,0,6,44,2,1
55,0,0,6,44,4,1
52,0,0,6,42,3,1
54,0,0,7,44,2,1
52,0,0,6,42,3,1
52,0,0,6,42,3,1
54,0,0,6,44,3,1
55,0,0,6,45,3,1
52,0,0,6,42,3,1
55,0,0,6,45,3,1
52,0,0,6,42,3,1
54,0,0,6,44,3,1
55,0,0,6,45,3,1
54,0,0,6,45,2,1
56,0,0,6,47,2,1
55,0,0,6,46,2,1
52,0,0,6,42,3,1
51,0,0,6,42,2,1
52,0,0,7,42,2,1
52,0,0,6,42,3,1
52,0,0,6,42,3,1
51,0,0,6,42,2,1
52,0,0,6,42,3,1
52,0,0,6,42,3,1
52,0,0,6,42,3,1
52,0,0,6,42,3,1
51,0,0,6,42,2,1
53,0,0,7,43,2,1
53,0,0,6,42,4,1
51,0,0,6,42,2,1
51,0,0,6,42,2,1
52,0,0,6,42,3,1
51,0,0,6,42,2,1
52,0,0,6,43,2,1
51,0,0,6,42,2,1
53,0,0,6,43,3,1
51,0,0,6,42,2,1
51,0,0,6,42,2,1
52,0,0,6,42,3,1
54,0,0,6,44,3,1
51,0,0,6,41,3,1
52,0,0,6,42,3,1
51,0,0,6,42,2,1
53,0,0,7,42,3,1
52,0,0,6,42,3,1
52,0,0,6,42,3,1
51,0,0,6,42,2,1
52,0,0,6,42,3,1
54,0,0,6,45,2,1
51,0,0,6,41,3,1
52,0,0,6,43,2,1
54,0,0,6,44,3,1
50,0,0,6,41,2,1
56,0,0,6,47,2,1
51,0,0,6,42,2,1
54,0,0,6,45,2,1
53,0,0,6,44,2,1
54,0,0,7,44,2,1
55,0,0,6,45,3,1
52,0,0,6,42,3,1
52,0,0,6,42,3,1
55,0,0,6,46,2,1
59,0,0,7,48,3,1
53,0,0,6,44,2,1
51,0,0,6,42,2,1
54,0,0,6,45,2,1
53,0,0,6,44,2,1
54,0,0,7,44,2,1
55,0,0,6,46,2,1
55,0,0,6,46,2,1
51,0,0,6,42,2,1
51,0,0,6,42,2,1
54,0,0,6,45,2,1
55,0,0,6,46,2,1
52,0,0,6,43,2,1
54,0,0,7,44,2,1
51,0,0,6,42,2,1
52,0,0,6,42,3,1
52,0,0,6,42,3,1
52,0,0,6,42,3,1
52,0,0,6,42,3,1
52,0,0,6,42,3,1
53,0,0,6,43,3,1
52,0,0,6,42,3,1
54,0,0,6,44,3,1
52,0,0,6,43,2,1
53,0,0,6,44,2,1
51,0,0,6,42,2,1
52,0,0,6,42,3,1
53,0,0,6,42,4,1
52,0,0,6,43,2,1
52,0,0,6,42,3,1
52,0,0,6,43,2,1
51,0,0,6,42,2,1
52,0,0,6,43,2,1
51,0,0,6,42,2,1
53,0,0,6,44,2,1
54,0,0,6,44,3,1
52,0,0,6,43,2,1
52,0,0,7,42,2,1
51,0,0,6,42,2,1
52,0,0,6,42,3,1
51,0,0,6,42,2,1
52,0,0,6,43,2,1
53,0,0,6,44,2,1
52,0,0,7,42,2,1
51,0,0,6,42,2,1
54,0,0,7,44,2,1
51,0,0,6,42,2,1
51,0,0,6,42,2,1
52,0,0,6,42,3,1
51,0,0,6,42,2,1
52,0,0,6,42,3,1
52,0,0,6,43,2,1
54,0,0,6,45,2,1
54,0,0,6,45,2,1
52,0,0,6,42,3,1
62,0,0,6,52,3,1
55,0,0,6,45,3,1
52,0,0,6,42,3,1
52,0,0,6,43,2,1
52,0,0,6,43,2,1
51,0,0,6,42,2,1
55,0,0,6,46,2,1
51,0,0,6,42,2,1
54,0,0,6,45,2,1
51,0,0,6,41,3,1
51,0,0,6,42,2,1
55,0,0,6,45,3,1
55,0,0,6,45,3,1
55,0,0,6,45,3,1
52,0,0,6,43,2,1
57,0,0,6,47,3,1
54,0,0,6,45,2,1
53,0,0,7,43,2,1
61,0,0,6,52,2,1
53,0,0,6,43,3,1
52,0,0,6,43,2,1
52,0,0,6,43,2,1
51,0,0,6,42,2,1
53,0,0,7,42,3,1
51,0,0,6,42,2,1
53,0,0,6,44,2,1
51,0,0,6,42,2,1
52,0,0,6,42,3,1
54,0,0,6,44,3,1
51,0,0,6,42,2,1
54,0,0,7,44,2,1
51,0,0,6,42,2,1
52,0,0,6,42,3,1
53,0,0,7,42,3,1
52,0,0,6,42,3,1
52,0,0,6,43,2,1
52,0,0,7,42,2,1
52,0,0,6,43,2,1
52,0,0,7,42,2,1
51,0,0,6,42,2,1
54,0,0,6,44,3,1
51,0,0,6,42,2,1
54,0,0,6,45,2,1
52,0,0,6,42,3,1
52,0,0,7,42,2,1
51,0,0,6,41,3,1
51,0,0,6,42,2,1
51,0,0,6,42,2,1
54,0,0,6,44,3,1
52,0,0,6,43,2,1
52,0,0,6,42,3,1
51,0,0,7,41,2,1
52,0,0,6,42,3,1
52,0,0,6,42,3,1
52,0,0,6,43,2,1
51,0,0,6,42,2,1
56,0,0,6,47,2,1
51,0,0,6,41,3,1
51,0,0,6,42,2,1
52,0,0,6,43,2,1
56,0,0,7,45,3,1
53,0,0,7,42,3,1
53,0,0,7,42,3,1
52,0,0,6,43,2,1
55,0,0,6,45,3,1
51,0,0,6,42,2,1
52,0,0,6,42,3,1
56,0,0,7,45,3,1
55,0,0,6,46,2,1
52,0,0,6,43,3,0
52,0,0,6,42,3,1
54,0,0,6,45,2,1
52,0,0,7,42,2,1
58,0,0,6,48,3,1
53,0,0,6,43,3,1
56,0,0,6,47,2,1
54,0,0,6,44,3,1
52,0,0,7,42,2,1
54,0,0,6,44,3,1
52,0,0,7,42,2,1
52,0,0,6,42,3,1
52,0,0,6,42,3,1
52,0,0,6,42,3,1
50,0,0,6,41,2,1
52,0,0,6,43,2,1
55,0,0,6,44,4,1
51,0,0,6,42,2,1
54,0,0,6,44,3,1
53,0,0,7,42,3,1
52,0,0,6,42,3,1
52,0,0,6,42,3,1
53,0,0,7,42,3,1
53,0,0,6,43,3,1
56,0,0,7,46,2,1
53,0,0,6,44,2,1
52,0,0,6,42,3,1
52,0,0,6,42,3,1
52,0,0,6,43,2,1
52,0,0,6,42,3,1
51,0,0,6,42,2,1
53,0,0,6,44,2,1
52,0,0,6,42,3,1
53,0,0,6,44,2,1
54,0,0,6,44,3,1
53,0,0,6,43,3,1
55,0,0,6,46,2,1
54,0,0,6,45,2,1
58,0,0,6,49,2,1
52,0,0,6,42,3,1
51,0,0,6,42,2,1
53,0,0,6,43,3,1
52,0,0,6,42,3,1
53,0,0,7,43,2,1
59,0,0,7,49,2,1
55,0,0,6,45,3,1
55,0,0,7,45,2,1
51,0,0,6,42,2,1
51,0,0,6,42,2,1
53,0,0,6,43,3,1
54,0,0,6,45,2,1
53,0,0,6,43,3,1
52,0,0,6,42,3,1
52,0,0,6,44,2,0
54,0,0,6,45,2,1
55,0,0,6,46,2,1
52,0,0,6,42,3,1
56,0,0,6,45,4,1
52,0,0,7,42,2,1
52,0,0,6,42,3,1
54,0,0,6,44,3,1
56,0,0,6,46,3,1
54,0,0,6,45,2,1
52,0,0,7,42,2,1
52,0,0,6,43,2,1
55,0,0,7,44,3,1
55,0,0,6,45,3,1
52,0,0,6,43,3,0
51,0,0,6,42,2,1
52,0,0,6,42,3,1
54,0,0,6,44,3,1
52,0,0,6,43,2,1
51,0,0,6,42,2,1
52,0,0,6,42,3,1
51,0,0,6,42,2,1
51,0,0,6,42,3,0
52,0,0,6,42,3,1
51,0,0,6,42,2,1
52,0,0,6,42,3,1
52,0,0,6,42,3,1
51,0,0,6,42,2,1
52,0,0,6,42,3,1
51,0,0,6,42,2,1
52,0,0,6,42,3,1
53,0,0,6,44,2,1
52,0,0,6,42,3,1
52,0,0,6,42,3,1
51,0,0,6,41,3,1
52,0,0,6,42,3,1
51,0,0,6,42,2,1
51,0,0,6,42,2,1
51,0,0,6,42,2,1
50,0,0,6,42,2,0
52,0,0,6,42,3,1
50,0,0,6,41,2,1
51,0,0,6,42,2,1
52,0,0,6,42,3,1
53,0,0,6,43,3,1
51,0,0,6,42,2,1
55,0,0,7,44,3,1
52,0,0,6,42,3,1
51,0,0,6,42,2,1
51,0,0,6,42,2,1
53,0,0,7,42,3,1
57,0,0,6,47,3,1
52,0,0,7,42,2,1
57,0,0,6,47,3,1
51,0,0,6,42,2,1
54,0,0,6,45,2,1
54,0,0,6,44,3,1
53,0,0,6,43,3,1
52,0,0,6,42,3,1
54,0,0,6,44,3,1
57,0,0,7,47,2,1
53,0,0,6,43,3,1
53,0,0,6,42,4,1
53,0,0,6,44,2,1
55,0,0,6,45,3,1
52,0,0,7,42,2,1
52,0,0,6,42,3,1
55,0,0,6,46,2,1
53,0,0,7,42,3,1
52,0,0,6,42,3,1
51,0,0,6,42,2,1
54,0,0,6,44,3,1
54,0,0,6,45,2,1
51,0,0,6,42,2,1
52,0,0,6,43,2,1
52,0,0,6,42,3,1
52,0,0,6,42,3,1
51,0,0,6,42,2,1
52,0,0,6,42,3,1
53,0,0,7,42,3,1
51,0,0,6,42,3,0
52,0,0,6,43,2,1
53,0,0,7,42,3,1
52,0,0,7,42,2,1
53,0,0,6,44,2,1
52,0,0,6,42,3,1
52,0,0,7,42,2,1
53,0,0,6,44,2,1
53,0,0,7,43,2,1
50,0,0,6,41,2,1
50,0,0,6,41,2,1
54,0,0,7,43,3,1
52,0,0,6,42,3,1
51,0,0,6,42,2,1
54,0,0,6,44,3,1
51,0,0,6,42,2,1
52,0,0,6,42,3,1
54,0,0,6,45,2,1
53,0,0,7,42,3,1
52,0,0,6,42,3,1
54,0,0,7,43,3,1
52,0,0,6,43,2,1
54,0,0,7,44,2,1
51,0,0,7,41,2,1
53,0,0,6,42,4,1
53,0,0,6,43,3,1
51,0,0,6,42,2,1
52,0,0,6,42,3,1
52,0,0,6,43,2,1
52,0,0,6,42,3,1
53,0,0,6,44,2,1
267,6,0,218,45,3,1
278,6,0,226,48,3,1
281,6,0,228,49,3,1
283,6,0,233,46,3,1
283,6,0,231,48,3,1
280,6,0,228,48,3,1
275,6,0,223,48,3,1
269,6,0,218,46,4,1
270,6,0,218,48,3,1
253,5,0,203,45,4,1
257,5,0,206,45,5,1
251,5,0,199,47,4,1
253,5,0,204,45,3,1
249,5,0,200,45,3,1
254,5,0,204,45,4,1
248,5,0,199,45,3,1
254,5,0,204,46,3,1
251,5,0,199,47,4,1
255,5,0,203,48,3,1
251,5,0,202,45,3,1
247,5,0,197,46,3,1
250,5,0,201,45,3,1
251,5,0,200,46,4,1
244,5,0,196,44,3,1
250,5,0,200,45,4,1
251,5,0,200,47,3,1
248,5,0,199,45,3,1
245,5,0,196,45,3,1
251,5,0,200,46,4,1
246,5,0,197,45,3,1
249,5,0,199,46,3,1
248,5,0,198,46,3,1
246,5,0,197,45,3,1
250,5,0,200,45,4,1
245,5,0,196,45,3,1
251,5,0,199,48,3,1
246,5,0,197,45,3,1
247,5,0,198,45,3,1
245,5,0,196,45,3,1
249,5,0,200,45,3,1
246,5,0,197,45,3,1
245,5,0,196,45,3,1
247,5,0,198,45,3,1
246,5,0,197,45,3,1
247,5,0,199,44,3,1
244,5,0,195,45,3,1
247,5,0,198,45,3,1
247,5,0,197,45,4,1
244,5,0,195,45,3,1
249,5,0,199,46,3,1
247,5,0,196,47,3,1
246,5,0,197,45,3,1
247,5,0,198,45,3,1
243,5,0,194,45,3,1
246,5,0,197,45,3,1
246,5,0,197,45,3,1
244,5,0,193,47,3,1
247,5,0,197,45,4,1
245,5,0,195,46,3,1
248,5,0,198,45,4,1
245,5,0,195,45,4,1
243,5,0,194,45,3,1
246,5,0,195,47,3,1
250,5,0,198,47,4,1
250,5,0,197,49,3,1
244,5,0,195,45,3,1
243,5,0,194,45,3,1
250,5,0,198,48,3,1
247,5,0,194,49,3,1
245,5,0,195,46,3,1
248,5,0,197,47,3,1
244,5,0,193,47,3,1
245,5,0,194,47,3,1
245,5,0,194,46,4,1
242,5,0,193,45,3,1
246,5,0,195,47,3,1
244,5,0,195,45,3,1
243,5,0,193,46,3,1
243,5,0,195,44,3,1
243,5,0,195,44,3,1
237,4,0,191,42,3,1
243,5,0,195,44,3,1
241,5,0,195,42,3,1
237,4,0,191,42,3,1
241,5,0,193,44,3,1
241,5,0,193,44,3,1
247,5,0,196,46,4,1
239,5,0,193,41,4,1
239,5,0,193,42,3,1
240,5,0,194,42,3,1
243,5,0,196,42,4,1
238,5,0,191,42,4,1
241,5,0,194,42,4,1
239,5,0,191,43,4,1
239,5,0,193,42,3,1
243,5,0,195,43,4,1
238,5,0,192,42,3,1
240,5,0,193,43,3,1
243,5,0,195,44,3,1
238,5,0,192,42,3,1
239,5,0,193,42,3,1
244,5,0,195,44,4,1
238,5,0,191,42,4,1
238,5,0,192,42,3,1
240,5,0,193,43,3,1
236,4,0,190,42,3,1
240,5,0,193,42,4,1
239,5,0,192,43,3,1
238,5,0,190,44,3,1
239,5,0,193,42,3,1
242,5,0,194,44,3,1
239,5,0,190,44,4,1
239,5,0,193,42,3,1
237,4,0,191,42,3,1
237,4,0,191,42,3,1
240,5,0,194,42,3,1
238,5,0,192,42,3,1
237,4,0,190,43,3,1
242,5,0,193,45,3,1
242,5,0,193,45,3,1
240,5,0,191,45,3,1
243,5,0,194,45,3,1
239,5,0,192,43,3,1
237,4,0,189,43,4,1
239,5,0,192,43,3,1
239,5,0,192,42,4,1
240,5,0,190,46,3,1
237,4,0,189,44,3,1
240,5,0,192,44,3,1
236,4,0,189,43,3,1
240,5,0,189,47,3,1
238,5,0,188,46,3,1
240,5,0,193,43,3,1
240,5,0,191,45,3,1
240,5,0,193,43,3,1
234,4,0,189,41,3,1
236,4,0,190,42,3,1
238,5,0,188,46,3,1
236,4,0,190,42,3,1
235,4,0,188,43,3,1
241,5,0,191,45,4,1
239,5,0,192,42,4,1
237,4,0,189,44,3,1
234,4,0,188,42,3,1
238,5,0,190,44,3,1
237,4,0,191,42,3,1
239,5,0,190,45,3,1
237,4,0,188,45,3,1
244,5,0,190,50,3,1
238,5,0,191,42,4,1
238,5,0,190,44,3,1
234,4,0,188,42,3,1
237,4,0,190,43,3,1
235,4,0,190,41,3,1
233,4,0,187,42,3,1
234,4,0,188,42,3,1
237,4,0,190,43,3,1
235,4,0,190,41,3,1
234,4,0,187,43,3,1
236,4,0,189,43,3,1
235,4,0,187,44,3,1
233,4,0,187,42,3,1
234,4,0,186,43,4,1
236,4,0,189,43,3,1
235,4,0,188,43,3,1
233,4,0,187,42,3,1
233,4,0,186,43,3,1
237,4,0,190,43,3,1
236,4,0,189,43,3,1
231,4,0,186,41,3,1
236,4,0,187,45,3,1
235,4,0,189,42,3,1
236,4,0,190,42,3,1
233,4,0,186,43,3,1
231,4,0,185,42,3,1
234,4,0,188,42,3,1
237,4,0,190,43,3,1
234,4,0,187,43,3,1
235,4,0,188,42,4,1
234,4,0,189,41,3,1
235,4,0,187,43,4,1
234,4,0,186,44,3,1
232,4,0,186,41,4,1
234,4,0,188,42,3,1
233,4,0,187,42,3,1
233,4,0,185,43,4,1
236,4,0,187,45,3,1
234,4,0,188,42,3,1
236,4,0,188,44,3,1
237,4,0,186,46,4,1
233,4,0,185,44,3,1
237,4,0,188,45,3,1
235,4,0,188,43,3,1
235,4,0,187,44,3,1
232,4,0,186,42,3,1
233,4,0,187,42,3,1
235,4,0,187,44,3,1
237,4,0,187,46,3,1
238,5,0,187,47,3,1
234,4,0,188,42,3,1
233,4,0,186,43,3,1
238,5,0,188,46,3,1
236,4,0,187,44,4,1
230,4,0,184,42,3,1
237,4,0,188,45,3,1
232,4,0,185,43,3,1
231,4,0,184,43,3,1
236,4,0,184,48,3,1
233,4,0,187,42,3,1
236,4,0,188,44,3,1
233,4,0,186,43,3,1
235,4,0,186,45,3,1
230,4,0,184,42,3,1
234,4,0,187,43,3,1
235,4,0,186,44,4,1
233,4,0,187,42,3,1
230,4,0,184,42,3,1
230,4,0,184,42,3,1
51,0,0,6,42,2,1
55,0,0,6,46,2,1
52,0,0,7,42,2,1
53,0,0,6,43,3,1
55,0,0,7,44,3,1
51,0,0,6,42,2,1
51,0,0,6,42,2,1
51,0,0,6,42,2,1
52,0,0,6,43,2,1
52,0,0,6,42,3,1
56,0,0,6,46,3,1
51,0,0,6,42,2,1
51,0,0,6,41,3,1
52,0,0,6,42,3,1
51,0,0,6,42,2,1
53,0,0,6,43,3,1
52,0,0,7,42,2,1
51,0,0,6,42,2,1
52,0,0,6,42,3,1
50,0,0,6,41,2,1
51,0,0,6,42,2,1
54,0,0,6,44,3,1
51,0,0,6,42,2,1
52,0,0,6,42,3,1
51,0,0,6,42,2,1
54,0,0,6,44,3,1
52,0,0,6,42,3,1
51,0,0,6,42,2,1
52,0,0,7,42,2,1
52,0,0,7,42,2,1
54,0,0,7,44,2,1
51,0,0,6,41,3,1
51,0,0,6,42,2,1
57,0,0,6,47,3,1
52,0,0,6,42,3,1
52,0,0,6,42,3,1
52,0,0,6,43,2,1
55,0,0,6,45,3,1
59,0,0,6,50,2,1
51,0,0,6,42,2,1
56,0,0,6,45,4,1
56,0,0,6,45,4,1
54,0,0,7,42,4,1
52,0,0,7,42,2,1
53,0,0,6,43,3,1
56,0,0,6,46,3,1
51,0,0,6,42,2,1
52,0,0,6,43,2,1
55,0,0,7,45,2,1
50,0,0,6,41,2,1
54,0,0,6,45,2,1
54,0,0,6,44,3,1
53,0,0,7,42,3,1
53,0,0,6,43,3,1
51,0,0,6,42,2,1
53,0,0,7,42,3,1
53,0,0,6,43,3,1
52,0,0,6,42,3,1
51,0,0,6,42,2,1
53,0,0,7,42,3,1
54,0,0,6,45,2,1
51,0,0,6,42,2,1
52,0,0,6,42,3,1
53,0,0,6,44,2,1
51,0,0,6,42,2,1
55,0,0,7,44,3,1
51,0,0,6,42,2,1
53,0,0,6,43,3,1
51,0,0,6,42,2,1
51,0,0,6,42,2,1
52,0,0,6,43,2,1
52,0,0,6,42,3,1
52,0,0,6,42,3,1
51,0,0,6,42,2,1
53,0,0,6,42,4,1
52,0,0,6,42,3,1
51,0,0,6,42,2,1
51,0,0,6,42,2,1
53,0,0,6,44,2,1
51,0,0,6,42,3,0
52,0,0,7,42,2,1
54,0,0,6,44,3,1
51,0,0,6,42,3,0
53,0,0,6,44,3,0
51,0,0,6,41,3,1
53,0,0,7,42,3,1
52,0,0,7,42,2,1
52,0,0,6,43,2,1
52,0,0,6,42,3,1
52,0,0,7,42,2,1
51,0,0,6,42,2,1
51,0,0,6,42,2,1
52,0,0,6,42,3,1
52,0,0,6,42,3,1
55,0,0,6,46,2,1
53,0,0,6,44,2,1
51,0,0,6,41,3,1
52,0,0,6,43,2,1
53,0,0,6,44,2,1
52,0,0,6,42,3,1
50,0,0,6,41,2,1
52,0,0,6,43,2,1
52,0,0,6,42,3,1
52,0,0,7,42,2,1
54,0,0,7,44,2,1
51,0,0,6,42,2,1
52,0,0,7,42,2,1
51,0,0,6,42,2,1
54,0,0,6,45,2,1
55,0,0,6,45,3,1
52,0,0,6,42,3,1
55,0,0,6,45,3,1
54,0,0,6,44,3,1
55,0,0,6,45,3,1
51,0,0,6,42,2,1
54,0,0,6,44,3,1
51,0,0,6,42,2,1
52,0,0,7,42,2,1
54,0,0,6,44,3,1
53,0,0,7,42,3,1
52,0,0,6,43,2,1
54,0,0,7,44,2,1
51,0,0,6,42,2,1
53,0,0,6,43,3,1
52,0,0,6,43,2,1
52,0,0,6,42,3,1
51,0,0,6,42,2,1
51,0,0,6,42,2,1
52,0,0,6,43,2,1
52,0,0,6,42,3,1
52,0,0,6,43,2,1
53,0,0,6,42,4,1
52,0,0,7,42,2,1
52,0,0,6,43,2,1
51,0,0,6,42,2,1
52,0,0,6,42,3,1
53,0,0,7,42,3,1
52,0,0,7,42,2,1
55,0,0,6,44,4,1
52,0,0,6,42,3,1
52,0,0,6,42,3,1
53,0,0,6,43,3,1
54,0,0,6,44,3,1
54,0,0,6,45,2,1
55,0,0,6,46,2,1
53,0,0,6,43,3,1
52,0,0,6,43,2,1
51,0,0,6,42,2,1
51,0,0,6,42,2,1
53,0,0,6,43,3,1
53,0,0,7,42,3,1
52,0,0,6,42,3,1
53,0,0,6,44,2,1
55,0,0,6,46,2,1
51,0,0,6,42,2,1
53,0,0,7,42,3,1
55,0,0,7,45,2,1
55,0,0,7,44,3,1
54,0,0,7,44,2,1
52,0,0,6,42,3,1
55,0,0,7,45,2,1
55,0,0,7,44,3,1
55,0,0,6,45,3,1
51,0,0,6,42,2,1
53,0,0,6,42,4,1
57,0,0,6,47,3,1
52,0,0,6,43,2,1
55,0,0,6,45,3,1
54,0,0,6,45,2,1
53,0,0,7,42,3,1
55,0,0,6,45,3,1
54,0,0,7,43,3,1
52,0,0,7,42,2,1
53,0,0,7,43,2,1
51,0,0,6,42,2,1
51,0,0,6,41,3,1
54,0,0,6,44,3,1
51,0,0,6,42,2,1
53,0,0,6,43,3,1
51,0,0,6,42,2,1
51,0,0,6,42,2,1
52,0,0,6,42,3,1
52,0,0,6,42,3,1
54,0,0,6,44,3,1
51,0,0,6,42,2,1
52,0,0,6,43,2,1
53,0,0,6,43,3,1
51,0,0,6,42,2,1
53,0,0,6,44,2,1
51,0,0,6,42,2,1
51,0,0,6,42,2,1
52,0,0,7,42,2,1
53,0,0,7,42,3,1
52,0,0,6,42,3,1
52,0,0,7,42,2,1
53,0,0,7,42,3,1
54,0,0,7,43,3,1
52,0,0,6,42,3,1
54,0,0,7,43,3,1
50,0,0,6,41,2,1
54,0,0,7,44,2,1
53,0,0,6,43,3,1
53,0,0,7,42,3,1
53,0,0,7,42,3,1
51,0,0,6,42,2,1
52,0,0,6,43,2,1
51,0,0,6,42,2,1
51,0,0,6,42,2,1
51,0,0,6,42,2,1
51,0,0,6,41,3,1
53,0,0,7,42,3,1
53,0,0,6,43,3,1
55,0,0,7,45,2,1
53,0,0,7,43,2,1
55,0,0,7,45,2,1
54,0,0,7,44,2,1
54,0,0,6,45,2,1
53,0,0,7,42,3,1
54,0,0,7,44,2,1
51,0,0,6,42,2,1
53,0,0,6,44,2,1
50,0,0,6,42,2,0
52,0,0,6,43,2,1
53,0,0,6,44,2,1
53,0,0,6,44,2,1
55,0,0,6,45,3,1
53,0,0,6,42,4,1
52,0,0,6,42,3,1
55,0,0,6,45,3,1
52,0,0,6,43,2,1
53,0,0,6,44,2,1
55,0,0,6,45,3,1
52,0,0,6,42,3,1
52,0,0,6,42,3,1
52,0,0,6,43,2,1
53,0,0,7,42,3,1
53,0,0,7,43,2,1
51,0,0,6,42,2,1
52,0,0,7,42,2,1
53,0,0,6,43,3,1
53,0,0,6,43,3,1
51,0,0,6,42,2,1
51,0,0,6,42,2,1
52,0,0,6,42,3,1
53,0,0,7,43,2,1
53,0,0,6,42,4,1
51,0,0,6,41,3,1
51,0,0,6,42,2,1
55,0,0,7,45,2,1
51,0,0,6,42,2,1
52,0,0,6,42,3,1
51,0,0,6,41,3,1
51,0,0,6,41,3,1
52,0,0,6,43,2,1
52,0,0,6,42,3,1
51,0,0,6,42,2,1
52,0,0,7,42,2,1
51,0,0,6,42,2,1
52,0,0,6,42,3,1
55,0,0,6,44,4,1
52,0,0,7,42,2,1
51,0,0,6,42,2,1
52,0,0,6,43,2,1
53,0,0,7,43,2,1
52,0,0,6,42,3,1
50,0,0,6,41,2,1
53,0,0,7,42,3,1
53,0,0,7,42,3,1
54,0,0,6,45,2,1
52,0,0,6,42,3,1
55,0,0,6,46,2,1
54,0,0,6,45,2,1
53,0,0,6,44,2,1
55,0,0,6,45,3,1
55,0,0,6,45,3,1
55,0,0,7,45,2,1
53,0,0,7,43,2,1
58,0,0,6,48,3,1
53,0,0,6,44,2,1
56,0,0,7,45,3,1
52,0,0,6,42,3,1
51,0,0,6,41,3,1
50,0,0,6,41,2,1
54,0,0,6,45,2,1
51,0,0,6,42,2,1
53,0,0,6,44,2,1
54,0,0,7,44,2,1
52,0,0,6,42,3,1
54,0,0,7,44,2,1
57,0,0,7,46,3,1
57,0,0,6,46,4,1
56,0,0,6,46,3,1
54,0,0,6,44,3,1
55,0,0,6,45,3,1
53,0,0,6,44,2,1
56,0,0,6,47,3,0
57,0,0,6,47,3,1
55,0,0,7,44,3,1
53,0,0,6,44,2,1
56,0,0,6,46,3,1
53,0,0,6,44,2,1
52,0,0,6,43,2,1
54,0,0,7,43,3,1
55,0,0,6,46,2,1
56,0,0,6,46,3,1
55,0,0,7,44,3,1
57,0,0,6,48,2,1
55,0,0,7,45,2,1
55,0,0,6,45,3,1
57,0,0,6,48,2,1
56,0,0,6,46,3,1
55,0,0,6,45,3,1
55,0,0,7,44,3,1
55,0,0,7,44,3,1
54,0,0,6,44,3,1
54,0,0,6,44,3,1
53,0,0,6,44,2,1
55,0,0,7,44,3,1
54,0,0,6,44,3,1
54,0,0,6,44,3,1
54,0,0,6,45,2,1
57,0,0,6,48,2,1
55,0,0,7,45,2,1
53,0,0,6,44,2,1
57,0,0,7,46,3,1
58,0,0,7,48,2,1
57,0,0,6,48,2,1
57,0,0,6,47,3,1
60,0,0,7,49,3,1
55,0,0,7,44,3,1
54,0,0,6,44,3,1
53,0,0,6,43,3,1
54,0,0,6,45,2,1
54,0,0,6,44,3,1
53,0,0,6,44,2,1
53,0,0,6,44,2,1
55,0,0,7,44,3,1
53,0,0,6,44,2,1
52,0,0,6,43,2,1
54,0,0,6,45,2,1
55,0,0,7,45,2,1
55,0,0,7,44,3,1
53,0,0,6,44,2,1
54,0,0,6,45,2,1
56,0,0,6,46,3,1
56,0,0,7,46,2,1
57,0,0,7,47,2,1
54,0,0,6,44,3,1
53,0,0,6,44,2,1
57,0,0,6,47,3,1
54,0,0,6,44,3,1
54,0,0,6,45,2,1
56,0,0,6,47,2,1
55,0,0,6,45,3,1
56,0,0,6,46,3,1
54,0,0,6,44,3,1
57,0,0,6,47,3,1
54,0,0,7,44,2,1
54,0,0,6,44,3,1
56,0,0,6,46,3,1
57,0,0,6,48,2,1
55,0,0,6,44,4,1
57,0,0,6,47,3,1
56,0,0,7,46,2,1
56,0,0,6,46,3,1
55,0,0,6,46,2,1
58,0,0,7,47,3,1
55,0,0,7,45,2,1
55,0,0,6,46,2,1
55,0,0,7,44,3,1
53,0,0,6,44,2,1
55,0,0,7,44,3,1
54,0,0,7,44,2,1
55,0,0,6,44,4,1
52,0,0,6,43,2,1
54,0,0,7,44,2,1
55,0,0,6,46,2,1
53,0,0,6,44,2,1
56,0,0,6,46,3,1
55,0,0,7,44,3,1
53,0,0,6,43,3,1
54,0,0,6,44,3,1
53,0,0,6,44,2,1
54,0,0,7,44,2,1
57,0,0,6,47,3,1
52,0,0,6,43,2,1
55,0,0,6,46,2,1
55,0,0,7,44,3,1
54,0,0,7,44,2,1
53,0,0,6,43,3,1
55,0,0,7,44,3,1
55,0,0,7,45,2,1
56,0,0,6,46,3,1
53,0,0,6,44,2,1
55,0,0,6,45,3,1
54,0,0,6,44,3,1
54,0,0,7,43,3,1
57,0,0,7,46,3,1
56,0,0,7,45,3,1
54,0,0,7,44,2,1
54,0,0,6,45,2,1
52,0,0,6,43,2,1
55,0,0,7,44,3,1
53,0,0,6,44,2,1
54,0,0,7,44,2,1
56,0,0,7,46,2,1
54,0,0,7,44,2,1
57,0,0,6,48,2,1
58,0,0,7,48,2,1
53,0,0,6,44,2,1
54,0,0,7,44,2,1
57,0,0,6,47,3,1
58,0,0,6,48,3,1
56,0,0,6,46,3,1
54,0,0,6,44,3,1
53,0,0,6,44,2,1
56,0,0,7,46,2,1
54,0,0,6,44,3,1
56,0,0,7,45,3,1
55,0,0,6,44,4,1
55,0,0,6,46,2,1
53,0,0,6,44,2,1
53,0,0,6,44,2,1
54,0,0,6,44,3,1
58,0,0,7,48,2,1
55,0,0,6,46,2,1
55,0,0,7,45,2,1
56,0,0,7,46,2,1
55,0,0,6,45,3,1
55,0,0,7,44,3,1
54,0,0,6,44,3,1
54,0,0,6,44,3,1
53,0,0,7,43,2,1
54,0,0,7,44,2,1
54,0,0,6,44,3,1
54,0,0,6,44,3,1
53,0,0,6,44,2,1
55,0,0,7,44,3,1
53,0,0,6,44,2,1
53,0,0,6,44,2,1
54,0,0,6,44,3,1
57,0,0,7,47,2,1
54,0,0,6,44,3,1
55,0,0,7,44,3,1
54,0,0,6,45,2,1
53,0,0,6,43,3,1
55,0,0,7,44,3,1
54,0,0,6,44,3,1
53,0,0,6,44,2,1
56,0,0,6,46,3,1
52,0,0,6,43,2,1
54,0,0,6,44,3,1
54,0,0,7,43,3,1
53,0,0,6,43,3,1
54,0,0,6,44,3,1
54,0,0,6,44,3,1
55,0,0,6,45,3,1
58,0,0,7,47,3,1
56,0,0,6,46,3,1
55,0,0,6,45,3,1
54,0,0,6,45,2,1
56,0,0,7,46,2,1
55,0,0,6,44,4,1
55,0,0,7,44,3,1
55,0,0,7,44,3,1
56,0,0,7,44,4,1
57,0,0,7,46,3,1
56,0,0,6,46,3,1
53,0,0,6,44,2,1
56,0,0,6,47,2,1
54,0,0,6,44,3,1
54,0,0,6,44,3,1
53,0,0,6,44,2,1
54,0,0,7,44,2,1
58,0,0,7,47,3,1
55,0,0,7,44,3,1
54,0,0,6,43,4,1
55,0,0,7,44,3,1
58,0,0,7,48,2,1
58,0,0,6,49,2,1
55,0,0,6,45,3,1
53,0,0,6,44,2,1
53,0,0,6,43,3,1
56,0,0,6,46,3,1
58,0,0,7,47,3,1
56,0,0,6,47,2,1
55,0,0,7,44,3,1
56,0,0,7,45,3,1
54,0,0,6,44,3,1
55,0,0,7,44,3,1
56,0,0,7,45,3,1
55,0,0,7,44,3,1
54,0,0,6,44,3,1
54,0,0,6,45,2,1
54,0,0,6,44,3,1
54,0,0,7,44,2,1
54,0,0,7,44,2,1
53,0,0,6,43,3,1
53,0,0,6,43,3,1
53,0,0,6,43,3,1
55,0,0,6,45,3,1
54,0,0,6,44,3,1
52,0,0,6,43,2,1
54,0,0,6,43,4,1
54,0,0,6,45,3,0
54,0,0,6,44,3,1
55,0,0,7,45,2,1
55,0,0,6,46,3,0
51,0,0,6,42,2,1
54,0,0,7,43,3,1
52,0,0,7,43,2,0
54,0,0,7,43,3,1
54,0,0,7,43,3,1
52,0,0,6,42,3,1
51,0,0,6,42,2,1
52,0,0,6,42,3,1
51,0,0,6,41,3,1
51,0,0,6,42,2,1
52,0,0,6,42,3,1
54,0,0,6,44,3,1
52,0,0,7,42,2,1
52,0,0,7,42,2,1
52,0,0,6,42,3,1
51,0,0,6,42,2,1
51,0,0,6,42,2,1
51,0,0,6,42,2,1
54,0,0,6,44,3,1
51,0,0,6,42,2,1
54,0,0,6,44,3,1
54,0,0,6,45,2,1
51,0,0,6,41,3,1
53,0,0,6,43,3,1
51,0,0,6,42,2,1
55,0,0,6,45,3,1
55,0,0,7,44,3,1
53,0,0,7,42,3,1
55,0,0,7,45,2,1
52,0,0,6,43,2,1
51,0,0,6,42,2,1
55,0,0,6,45,3,1
52,0,0,7,42,2,1
52,0,0,6,42,3,1
58,0,0,7,47,3,1
55,0,0,7,45,2,1
54,0,0,7,43,3,1
51,0,0,6,42,2,1
52,0,0,7,42,2,1
51,0,0,6,42,2,1
51,0,0,6,41,3,1
50,0,0,6,41,2,1
52,0,0,6,42,3,1
50,0,0,6,42,2,0
52,0,0,7,42,2,1
56,0,0,6,46,3,1
54,0,0,6,44,3,1
52,0,0,7,41,3,1
52,0,0,6,42,3,1
54,0,0,6,45,2,1
52,0,0,7,41,3,1
52,0,0,6,43,2,1
52,0,0,7,42,2,1
56,0,0,7,45,3,1
53,0,0,6,43,3,1
51,0,0,6,41,3,1
53,0,0,7,42,3,1
52,0,0,6,42,3,1
53,0,0,7,42,3,1
52,0,0,7,42,2,1
53,0,0,6,42,4,1
53,0,0,6,42,4,1
53,0,0,7,42,3,1
53,0,0,7,43,2,1
55,0,0,7,44,3,1
54,0,0,7,43,3,1
52,0,0,6,42,3,1
51,0,0,6,42,2,1
53,0,0,7,43,2,1
55,0,0,7,44,3,1
52,0,0,6,42,3,1
53,0,0,7,42,3,1
53,0,0,7,42,3,1
52,0,0,6,42,3,1
56,0,0,6,47,2,1
53,0,0,6,44,2,1
59,0,0,6,49,3,1
53,0,0,6,43,3,1
56,0,0,6,46,3,1
56,0,0,7,46,2,1
54,0,0,6,44,3,1
55,0,0,6,45,3,1
55,0,0,6,46,2,1
57,0,0,6,47,3,1
57,0,0,7,47,2,1
55,0,0,6,45,3,1
52,0,0,6,42,3,1
54,0,0,6,45,2,1
52,0,0,6,42,3,1
53,0,0,7,43,2,1
54,0,0,6,45,2,1
55,0,0,7,44,3,1
54,0,0,6,44,3,1
57,0,0,6,48,2,1
55,0,0,7,44,3,1
53,0,0,7,42,3,1
55,0,0,7,43,4,1
54,0,0,6,44,3,1
54,0,0,7,43,3,1
52,0,0,6,42,3,1
51,0,0,6,42,2,1
53,0,0,6,44,2,1
50,0,0,6,41,2,1
51,0,0,6,41,3,1
53,0,0,6,42,4,1
53,0,0,7,42,3,1
51,0,0,6,42,2,1
51,0,0,6,42,2,1
52,0,0,6,42,3,1
53,0,0,6,43,3,1
51,0,0,6,42,2,1
52,0,0,7,42,2,1
52,0,0,6,42,3,1
57,0,0,6,44,6,1
274,6,0,225,44,4,1
278,6,0,232,42,3,1
283,6,0,234,45,3,1
280,6,0,231,45,3,1
279,6,0,228,47,3,1
273,6,0,224,45,3,1
264,5,0,215,45,3,1
264,5,0,212,48,3,1
263,5,0,213,46,3,1
253,5,0,204,45,3,1
253,5,0,204,45,3,1
250,5,0,201,45,3,1
256,5,0,205,46,4,1
251,5,0,202,45,3,1
254,5,0,206,44,3,1
249,5,0,201,44,3,1
253,5,0,204,45,3,1
252,5,0,202,46,3,1
249,5,0,201,44,3,1
249,5,0,200,44,4,1
253,5,0,203,45,4,1
247,5,0,198,45,3,1
250,5,0,199,47,3,1
253,5,0,201,47,4,1
248,5,0,198,46,3,1
249,5,0,198,47,3,1
250,5,0,199,47,3,1
250,5,0,201,45,3,1
250,5,0,197,49,3,1
250,5,0,200,46,3,1
257,5,0,199,53,4,1
248,5,0,197,47,3,1
251,5,0,200,47,3,1
249,5,0,199,46,3,1
247,5,0,198,45,3,1
249,5,0,200,45,3,1
251,5,0,199,47,4,1
247,5,0,195,48,3,1
248,5,0,199,45,3,1
245,5,0,196,45,3,1
250,5,0,200,46,3,1
247,5,0,197,45,4,1
246,5,0,196,46,3,1
247,5,0,199,44,3,1
245,5,0,196,45,3,1
251,5,0,198,49,3,1
249,5,0,195,49,4,1
250,5,0,198,47,4,1
250,5,0,198,48,3,1
247,5,0,195,47,4,1
246,5,0,196,45,4,1
246,5,0,198,44,3,1
248,5,0,196,48,3,1
246,5,0,196,45,4,1
247,5,0,198,45,3,1
244,5,0,195,45,3,1
246,5,0,197,45,3,1
249,5,0,198,47,3,1
249,5,0,195,50,3,1
244,5,0,196,44,3,1
247,5,0,197,46,3,1
245,5,0,194,47,3,1
246,5,0,196,45,4,1
246,5,0,197,45,3,1
243,5,0,194,45,3,1
246,5,0,196,46,3,1
241,5,0,193,44,3,1
246,5,0,196,46,3,1
246,5,0,196,46,3,1
243,5,0,194,45,3,1
243,5,0,194,45,3,1
246,5,0,197,44,4,1
243,5,0,194,45,3,1
243,5,0,194,45,3,1
246,5,0,197,45,3,1
242,5,0,193,45,3,1
242,5,0,193,45,3,1
244,5,0,195,45,3,1
244,5,0,195,45,3,1
243,5,0,192,47,3,1
245,5,0,195,45,4,1
248,5,0,196,48,3,1
240,5,0,193,43,3,1
242,5,0,194,44,3,1
237,4,0,192,41,3,1
240,5,0,194,42,3,1
243,5,0,194,44,4,1
244,5,0,195,45,3,1
241,5,0,193,43,4,1
241,5,0,193,44,3,1
240,5,0,193,43,3,1
240,5,0,192,44,3,1
244,5,0,193,47,3,1
245,5,0,195,46,3,1
241,5,0,192,45,3,1
239,5,0,193,42,3,1
244,5,0,195,45,3,1
244,5,0,194,46,3,1
237,4,0,191,42,3,1
244,5,0,193,46,4,1
240,5,0,194,42,3,1
240,5,0,191,45,3,1
241,5,0,193,44,3,1
245,5,0,194,47,3,1
239,5,0,192,43,3,1
237,4,0,191,42,3,1
240,5,0,193,43,3,1
239,5,0,194,41,3,1
237,4,0,191,42,3,1
239,5,0,191,44,3,1
241,5,0,194,43,3,1
235,4,0,190,41,3,1
239,5,0,192,43,3,1
240,5,0,194,42,3,1
240,5,0,192,44,3,1
235,4,0,189,42,3,1
238,5,0,192,42,3,1
235,4,0,189,42,3,1
239,5,0,193,42,3,1
237,4,0,191,41,4,1
238,5,0,192,41,4,1
242,5,0,192,46,3,1
237,4,0,189,43,4,1
235,4,0,189,42,3,1
238,5,0,192,42,3,1
242,5,0,192,46,3,1
237,4,0,190,43,3,1
235,4,0,189,41,4,1
239,5,0,192,42,4,1
240,5,0,192,44,3,1
236,4,0,190,42,3,1
235,4,0,189,42,3,1
236,4,0,190,42,3,1
239,5,0,193,42,3,1
237,4,0,191,42,3,1
233,4,0,188,41,3,1
236,4,0,188,44,3,1
238,5,0,191,43,3,1
237,4,0,191,42,3,1
237,4,0,191,42,3,1
237,4,0,191,42,3,1
240,5,0,189,47,3,1
235,4,0,188,42,4,1
236,4,0,189,43,3,1
239,5,0,192,43,3,1
236,4,0,190,42,3,1
239,5,0,189,45,4,1
234,4,0,188,42,3,1
236,4,0,190,42,3,1
240,5,0,191,45,3,1
235,4,0,190,41,3,1
234,4,0,188,42,3,1
236,4,0,187,45,3,1
239,5,0,190,44,4,1
238,5,0,191,42,4,1
238,5,0,189,45,3,1
235,4,0,187,43,4,1
236,4,0,187,45,3,1
236,4,0,187,44,4,1
236,4,0,186,46,3,1
238,5,0,188,46,3,1
239,5,0,190,45,3,1
237,4,0,190,42,4,1
234,4,0,187,43,3,1
235,4,0,187,44,3,1
234,4,0,186,43,4,1
239,5,0,189,46,3,1
239,5,0,190,45,3,1
234,4,0,187,43,3,1
233,4,0,186,43,3,1
232,4,0,186,42,3,1
235,4,0,189,42,3,1
236,4,0,190,42,3,1
235,4,0,189,42,3,1
235,4,0,187,44,3,1
232,4,0,186,42,3,1
235,4,0,188,42,4,1
233,4,0,186,43,3,1
234,4,0,187,42,4,1
234,4,0,188,42,3,1
232,4,0,186,42,3,1
232,4,0,187,41,3,1
235,4,0,189,42,3,1
231,4,0,185,42,3,1
232,4,0,185,43,3,1
233,4,0,187,41,4,1
236,4,0,188,44,3,1
235,4,0,189,42,3,1
233,4,0,187,42,3,1
233,4,0,186,43,3,1
232,4,0,186,42,3,1
234,4,0,188,42,3,1
237,4,0,189,43,4,1
233,4,0,187,42,3,1
234,4,0,186,44,3,1
229,4,0,184,41,3,1
231,4,0,185,42,3,1
232,4,0,186,42,3,1
235,4,0,189,42,3,1
236,4,0,187,44,4,1
233,4,0,186,43,3,1
234,4,0,185,44,4,1
233,4,0,185,44,3,1
232,4,0,187,41,3,1
236,4,0,185,47,3,1
232,4,0,184,44,3,1
232,4,0,183,45,3,1
238,5,0,186,47,4,1
236,4,0,188,44,3,1
239,5,0,188,46,4,1
236,4,0,186,46,3,1
234,4,0,184,46,3,1
236,4,0,183,49,3,1
236,4,0,185,47,3,1
238,5,0,186,48,3,1
239,5,0,188,47,3,1
56,0,0,6,46,3,1
56,0,0,6,46,3,1
58,0,0,7,47,3,1
54,0,0,6,45,2,1
53,0,0,6,43,3,1
58,0,0,7,47,3,1
57,0,0,6,47,3,1
59,0,0,7,48,3,1
53,0,0,7,42,3,1
56,0,0,7,46,2,1
55,0,0,7,44,3,1
57,0,0,6,48,2,1
56,0,0,6,47,2,1
55,0,0,7,44,3,1
55,0,0,6,45,3,1
56,0,0,7,45,3,1
55,0,0,7,45,2,1
56,0,0,7,45,3,1
54,0,0,6,44,3,1
53,0,0,6,44,2,1
56,0,0,6,46,3,1
55,0,0,6,45,3,1
54,0,0,6,44,3,1
57,0,0,7,46,3,1
54,0,0,7,43,3,1
56,0,0,7,45,3,1
51,0,0,6,42,2,1
53,0,0,6,43,3,1
57,0,0,7,46,3,1
56,0,0,6,46,3,1
56,0,0,7,45,3,1
53,0,0,6,44,2,1
54,0,0,6,44,3,1
54,0,0,7,43,3,1
53,0,0,6,44,2,1
54,0,0,7,44,2,1
54,0,0,7,44,2,1
53,0,0,6,44,2,1
55,0,0,7,44,3,1
55,0,0,7,45,2,1
54,0,0,6,44,3,1
56,0,0,7,45,3,1
55,0,0,6,45,3,1
55,0,0,7,44,3,1
55,0,0,6,46,2,1
55,0,0,6,45,3,1
54,0,0,7,44,2,1
55,0,0,7,45,2,1
57,0,0,7,47,2,1
55,0,0,6,45,3,1
56,0,0,7,45,3,1
54,0,0,7,44,2,1
54,0,0,6,44,3,1
53,0,0,6,43,3,1
56,0,0,6,46,3,1
59,0,0,6,49,3,1
56,0,0,7,45,3,1
56,0,0,7,45,3,1
56,0,0,6,46,3,1
56,0,0,6,47,2,1
56,0,0,7,45,3,1
57,0,0,6,47,3,1
55,0,0,7,45,2,1
54,0,0,6,45,2,1
56,0,0,6,46,3,1
54,0,0,6,44,3,1
54,0,0,6,44,3,1
56,0,0,7,46,2,1
56,0,0,7,45,3,1
57,0,0,6,47,3,1
57,0,0,7,47,2,1
56,0,0,7,45,3,1
55,0,0,7,45,2,1
58,0,0,7,47,3,1
57,0,0,6,48,2,1
53,0,0,6,43,3,1
54,0,0,7,43,3,1
53,0,0,6,43,3,1
56,0,0,7,46,2,1
54,0,0,7,44,2,1
56,0,0,7,46,2,1
56,0,0,7,45,3,1
54,0,0,7,44,2,1
54,0,0,7,43,3,1
53,0,0,7,43,2,1
58,0,0,7,47,3,1
55,0,0,7,44,3,1
54,0,0,6,44,3,1
57,0,0,7,47,2,1
56,0,0,7,45,3,1
54,0,0,7,44,2,1
54,0,0,7,44,2,1
52,0,0,6,43,2,1
56,0,0,7,45,3,1
51,0,0,6,42,2,1
55,0,0,7,44,3,1
54,0,0,6,44,3,1
56,0,0,7,46,2,1
56,0,0,6,47,2,1
53,0,0,7,43,2,1
55,0,0,6,45,3,1
55,0,0,6,45,3,1
57,0,0,7,46,3,1
55,0,0,7,44,3,1
54,0,0,7,44,2,1
55,0,0,6,45,3,1
51,0,0,6,42,2,1
58,0,0,7,47,3,1
52,0,0,6,43,2,1
54,0,0,7,43,3,1
59,0,0,7,48,3,1
54,0,0,7,44,2,1
55,0,0,6,45,3,1
56,0,0,7,45,3,1
56,0,0,6,45,4,1
55,0,0,7,44,3,1
56,0,0,6,46,3,1
56,0,0,6,46,3,1
53,0,0,6,43,3,1
55,0,0,7,44,3,1
56,0,0,6,46,3,1
55,0,0,6,46,2,1
56,0,0,6,47,2,1
54,0,0,7,43,3,1
60,0,0,7,49,3,1
54,0,0,6,45,2,1
57,0,0,7,46,3,1
57,0,0,7,46,3,1
57,0,0,7,46,3,1
55,0,0,6,46,2,1
58,0,0,6,49,2,1
59,0,0,7,48,3,1
54,0,0,7,43,3,1
53,0,0,7,43,2,1
58,0,0,7,48,2,1
57,0,0,7,45,4,1
54,0,0,6,44,3,1
56,0,0,6,47,2,1
55,0,0,6,46,2,1
58,0,0,7,47,3,1
55,0,0,6,46,2,1
57,0,0,7,45,4,1
56,0,0,7,45,3,1
58,0,0,6,48,3,1
56,0,0,6,46,3,1
54,0,0,6,44,3,1
56,0,0,7,45,3,1
56,0,0,6,46,3,1
54,0,0,7,44,2,1
54,0,0,7,43,3,1
58,0,0,6,48,3,1
53,0,0,6,43,3,1
56,0,0,7,45,3,1
56,0,0,7,46,2,1
52,0,0,6,43,2,1
55,0,0,7,44,3,1
54,0,0,6,44,3,1
52,0,0,6,42,3,1
54,0,0,7,43,3,1
55,0,0,6,46,2,1
56,0,0,7,45,3,1
55,0,0,6,46,2,1
54,0,0,7,44,2,1
58,0,0,7,46,4,1
54,0,0,6,43,4,1
57,0,0,7,47,2,1
55,0,0,7,44,3,1
56,0,0,7,46,2,1
55,0,0,7,45,2,1
55,0,0,6,46,2,1
52,0,0,6,43,2,1
54,0,0,7,44,2,1
53,0,0,6,44,2,1
55,0,0,6,45,3,1
57,0,0,6,47,3,1
56,0,0,7,46,2,1
58,0,0,7,47,3,1
55,0,0,7,46,2,0
56,0,0,7,45,3,1
55,0,0,6,44,4,1
57,0,0,6,47,3,1
55,0,0,6,46,2,1
52,0,0,6,43,2,1
56,0,0,6,46,3,1
55,0,0,6,45,3,1
56,0,0,7,45,3,1
56,0,0,7,46,2,1
55,0,0,7,45,2,1
58,0,0,6,48,3,1
56,0,0,6,46,3,1
54,0,0,7,44,2,1
55,0,0,6,45,3,1
55,0,0,6,46,2,1
61,0,0,7,50,3,1
56,0,0,6,47,2,1
54,0,0,6,45,2,1
54,0,0,7,43,3,1
54,0,0,7,43,3,1
56,0,0,6,46,3,1
55,0,0,6,45,3,1
57,0,0,7,47,2,1
53,0,0,6,44,2,1
56,0,0,6,46,3,1
56,0,0,7,45,3,1
56,0,0,7,46,2,1
52,0,0,6,42,3,1
54,0,0,7,42,4,1
54,0,0,7,43,3,1
55,0,0,7,44,3,1
55,0,0,6,46,2,1
54,0,0,6,45,2,1
56,0,0,7,45,3,1
54,0,0,6,44,3,1
54,0,0,7,44,2,1
55,0,0,7,45,2,1
54,0,0,7,44,2,1
55,0,0,6,45,3,1
54,0,0,6,44,3,1
55,0,0,6,45,3,1
53,0,0,7,43,2,1
52,0,0,6,42,3,1
158,2,0,113,42,2,1
94,0,0,47,43,3,1
93,0,0,47,43,2,1
93,0,0,47,42,3,1
53,0,0,7,42,3,1
50,0,0,6,41,2,1
56,0,0,7,46,2,1
53,0,0,7,43,2,1
51,0,0,7,41,2,1
54,0,0,7,44,2,1
52,0,0,6,42,3,1
55,0,0,7,45,2,1
54,0,0,6,44,3,1
54,0,0,7,43,3,1
53,0,0,7,42,3,1
96,0,0,47,45,3,1
93,0,0,47,42,3,1
51,0,0,6,42,2,1
56,0,0,6,46,3,1
55,0,0,6,45,3,1
52,0,0,7,42,2,1
53,0,0,6,44,2,1
56,0,0,7,45,3,1
52,0,0,7,42,2,1
52,0,0,7,42,2,1
58,0,0,6,48,3,1
55,0,0,7,44,3,1
56,0,0,7,45,3,1
53,0,0,7,42,3,1
53,0,0,7,43,2,1
51,0,0,6,42,2,1
51,0,0,6,42,2,1
56,0,0,7,45,3,1
57,0,0,6,47,3,1
54,0,0,7,43,3,1
51,0,0,6,42,2,1
53,0,0,7,42,3,1
53,0,0,7,42,3,1
55,0,0,7,44,3,1
60,0,0,7,49,3,1
55,0,0,7,44,3,1
54,0,0,6,44,3,1
54,0,0,6,44,3,1
1648,14,0,8,1623,11,6
1639,14,0,8,1614,11,6
1620,14,0,8,1595,11,6
1615,14,0,8,1590,11,6
1612,14,0,8,1587,11,6
1604,14,0,8,1579,11,6
1599,14,0,8,1573,11,7
1600,14,0,8,1571,12,9
1613,14,0,8,1571,15,19
1615,14,0,8,1574,14,19
1616,14,0,8,1574,15,19
1618,14,0,8,1576,15,19
1619,14,0,8,1578,14,19
1621,14,0,8,1579,15,19
1624,14,0,8,1581,15,20
1623,14,0,8,1581,15,19
1622,14,0,8,1580,15,19
1621,14,0,8,1579,15,19
1619,14,0,8,1578,14,19
1619,14,0,8,1578,14,19
1621,14,0,8,1580,14,19
1621,14,0,8,1579,15,19
1603,14,0,8,1578,11,6
1603,14,0,8,1578,11,6
1602,14,0,8,1577,11,6
1603,14,0,8,1578,11,6
55,0,0,7,44,3,1
1605,14,0,8,1580,11,6
1604,14,0,8,1579,11,6
1605,14,0,8,1580,11,6
1605,14,0,8,1580,11,6
1605,14,0,8,1580,11,6
1606,14,0,8,1581,11,6
1606,14,0,8,1581,11,6
1605,14,0,8,1580,11,6
1602,14,0,8,1577,11,6
55,0,0,7,44,3,1
60,0,0,7,49,3,1
57,0,0,7,46,3,1
1289,13,0,8,1271,7,3
1611,14,0,8,1586,11,6
1610,14,0,8,1585,11,6
1609,14,0,8,1584,11,6
1612,14,0,8,1587,11,6
1611,14,0,8,1586,11,6
1608,14,0,8,1583,11,6
63,0,0,6,53,3,1
56,0,0,7,46,2,1
57,0,0,7,46,3,1
1606,14,0,8,1581,11,6
1609,14,0,8,1584,11,6
1607,14,0,8,1582,11,6
1609,14,0,8,1584,11,6
52,0,0,6,44,2,0
53,0,0,6,44,2,1
55,0,0,7,44,3,1
54,0,0,7,44,2,1
1605,14,0,8,1580,11,6
1607,14,0,8,1582,11,6
1610,14,0,8,1585,11,6
1607,14,0,8,1582,11,6
1607,14,0,8,1582,11,6
59,0,0,7,47,4,1
55,0,0,7,44,3,1
54,0,0,7,43,3,1
1604,14,0,8,1579,11,6
1605,14,0,8,1580,11,6
1607,14,0,8,1582,11,6
1607,14,0,8,1582,11,6
56,0,0,6,46,3,1
53,0,0,6,44,2,1
53,0,0,6,44,2,1
56,0,0,6,46,3,1
1598,14,0,7,1582,8,1
1602,14,0,8,1577,11,6
1603,14,0,8,1578,11,6
1605,14,0,8,1580,11,6
66,0,0,8,49,5,4
55,0,0,6,44,4,1
54,0,0,7,44,2,1
55,0,0,6,46,2,1
1607,14,0,8,1580,13,6
1601,14,0,8,1576,11,6
1607,14,0,8,1582,11,6
1605,14,0,8,1580,11,6
52,0,0,6,43,2,1
54,0,0,6,44,3,1
54,0,0,6,44,3,1
53,0,0,6,44,2,1
56,0,0,7,45,3,1
53,0,0,6,44,2,1
1596,14,0,8,1571,11,6
1600,14,0,8,1575,11,6
1602,14,0,8,1577,11,6
55,0,0,6,46,2,1
59,0,0,6,48,4,1
53,0,0,6,44,2,1
55,0,0,6,45,3,1
55,0,0,6,45,3,1
1596,14,0,8,1571,11,6
1596,14,0,8,1571,11,6
1600,14,0,8,1575,11,6
57,0,0,7,46,3,1
55,0,0,7,44,3,1
57,0,0,6,47,3,1
59,0,0,7,48,3,1
53,0,0,6,44,2,1
54,0,0,6,44,3,1
1594,14,0,7,1570,11,6
1592,14,0,8,1567,11,6
1596,14,0,8,1571,11,6
54,0,0,6,44,3,1
58,0,0,6,49,2,1
53,0,0,6,44,2,1
56,0,0,6,46,3,1
55,0,0,6,45,3,1
54,0,0,6,44,3,1
1594,14,0,8,1569,11,6
1592,14,0,8,1567,11,6
1596,14,0,8,1571,11,6
57,0,0,6,47,3,1
55,0,0,6,44,4,1
54,0,0,6,45,2,1
57,0,0,7,47,2,1
54,0,0,7,44,2,1
54,0,0,6,44,3,1
57,0,0,7,46,3,1
1590,14,0,8,1565,11,6
1592,14,0,8,1567,11,6
55,0,0,6,45,3,1
55,0,0,7,44,3,1
259,5,0,210,45,3,1
266,5,0,218,44,3,1
275,6,0,226,45,3,1
284,6,0,235,45,3,1
279,6,0,231,44,3,1
278,6,0,227,47,3,1
1807,14,0,225,1565,11,6
1803,14,0,223,1563,11,6
276,6,0,220,44,6,6
264,5,0,216,44,3,1
266,5,0,215,47,3,1
260,5,0,209,46,4,1
250,5,0,202,44,3,1
249,5,0,201,44,3,1
1783,14,0,203,1569,10,1
1785,14,0,203,1564,12,6
1784,14,0,204,1562,12,6
1787,14,0,204,1565,12,6
250,5,0,202,44,3,1
254,5,0,203,47,3,1
249,5,0,200,45,3,1
247,5,0,199,44,3,1
253,5,0,202,47,3,1
247,5,0,199,44,3,1
247,5,0,199,44,3,1
252,5,0,201,47,3,1
1784,14,0,200,1566,12,6
1787,14,0,203,1566,12,6
252,5,0,200,47,4,1
252,5,0,201,47,3,1
246,5,0,198,44,3,1
254,5,0,202,48,3,1
247,5,0,197,46,3,1
250,5,0,200,46,3,1
250,5,0,198,48,3,1
1787,14,0,200,1568,12,7
1783,14,0,202,1563,12,6
1781,14,0,198,1566,11,6
252,5,0,200,47,4,1
248,5,0,198,46,3,1
252,5,0,200,47,4,1
247,5,0,197,46,3,1
247,5,0,199,44,3,1
251,5,0,200,47,3,1
251,5,0,200,47,3,1
1784,14,0,199,1568,11,6
1786,14,0,198,1571,11,6
1791,14,0,202,1572,11,6
244,5,0,196,44,3,1
246,5,0,198,43,4,1
247,5,0,198,45,3,1
243,5,0,195,44,3,1
249,5,0,199,46,3,1
245,5,0,197,44,3,1
245,5,0,196,45,3,1
249,5,0,200,45,3,1
1778,14,0,197,1564,11,6
1781,14,0,199,1564,12,6
1782,14,0,197,1567,12,6
245,5,0,197,44,3,1
248,5,0,199,45,3,1
246,5,0,196,46,3,1
244,5,0,195,45,3,1
247,5,0,199,44,3,1
248,5,0,198,46,3,1
1782,14,0,198,1567,11,6
1778,14,0,195,1565,12,6
1783,14,0,198,1567,12,6
244,5,0,196,44,3,1
244,5,0,194,45,4,1
246,5,0,197,45,3,1
244,5,0,195,45,3,1
242,5,0,194,44,3,1
250,5,0,198,47,4,1
242,5,0,194,44,3,1
244,5,0,197,43,3,1
245,5,0,196,44,4,1
245,5,0,194,47,3,1
243,5,0,194,45,3,1
245,5,0,197,44,3,1
247,5,0,193,50,3,1
245,5,0,194,47,3,1
244,5,0,197,43,3,1
243,5,0,194,45,3,1
244,5,0,195,45,3,1
240,5,0,192,44,3,1
248,5,0,195,48,4,1
246,5,0,196,46,3,1
244,5,0,193,46,4,1
245,5,0,194,47,3,1
248,5,0,196,47,4,1
243,5,0,193,45,4,1
243,5,0,194,45,3,1
244,5,0,196,44,3,1
241,5,0,193,44,3,1
244,5,0,193,47,3,1
248,5,0,195,48,4,1
243,5,0,194,45,3,1
240,5,0,191,45,3,1
245,5,0,195,46,3,1
244,5,0,195,45,3,1
244,5,0,192,48,3,1
241,5,0,192,44,4,1
247,5,0,195,47,4,1
243,5,0,194,44,4,1
245,5,0,195,46,3,1
240,5,0,192,44,3,1
241,5,0,192,45,3,1
239,5,0,190,45,3,1
242,5,0,194,44,3,1
239,5,0,190,45,3,1
243,5,0,192,46,4,1
245,5,0,194,47,3,1
244,5,0,193,47,3,1
239,5,0,190,44,4,1
241,5,0,192,45,3,1
246,5,0,195,47,3,1
241,5,0,191,46,3,1
238,5,0,190,44,3,1
241,5,0,192,44,4,1
241,5,0,193,44,3,1
239,5,0,190,44,4,1
242,5,0,190,48,3,1
242,5,0,193,45,3,1
240,5,0,191,45,3,1
238,5,0,189,45,3,1
238,5,0,191,43,3,1
241,5,0,193,44,3,1
237,4,0,190,43,3,1
237,4,0,189,44,3,1
240,5,0,192,44,3,1
238,5,0,189,45,3,1
237,4,0,189,44,3,1
242,5,0,191,47,3,1
240,5,0,192,44,3,1
238,5,0,189,45,3,1
239,5,0,188,47,3,1
241,5,0,191,45,4,1
241,5,0,192,45,3,1
236,4,0,189,43,3,1
236,4,0,188,44,3,1
241,5,0,192,44,4,1
238,5,0,190,44,3,1
238,5,0,188,46,3,1
236,4,0,187,45,3,1
240,5,0,192,44,3,1
239,5,0,191,44,3,1
238,5,0,189,45,3,1
236,4,0,187,45,3,1
239,5,0,189,45,4,1
235,4,0,188,43,3,1
235,4,0,187,44,3,1
242,5,0,189,49,3,1

